activity_string,activity_value,activity_string_2,activity_value_2,activity_string_3,activity_value_3
,,,,,
,,,,,
,,,,,
,,,,,
,,,,,
,,,,,
,,,,,
,,,,,
,,,,,
,,,,,
,,,,,
,,,,,
,,,,,
,,,,,
,,,,,
,,,,,
,,,,,
,,,,,
,,,,,
,,,,,
,,,,,
,,,,,
,,,,,
,,,,,
,,,,,
,,,,,
,,,,,
,,,,,
,,,,,
,,,,,
,,,,,
,,,,,
,,,,,
,,,,,
,,,,,
,,,,,
,,,,,
,,,,,
,,,,,
,,,,,
,,,,,
,,,,,
,,,,,
,,,,,
,,,,,
,,,,,
,,,,,
,,,,,
,,,,,
,,,,,
,,,,,
,,,,,
,,,,,
,,,,,
,,,,,
,,,,,
,,,,,
,,,,,
,,,,,
,,,,,
,,,,,
,,,,,
,,,,,
,,,,,
,,,,,
,,,,,
,,,,,
,,,,,
,,,,,
,,,,,
,,,,,
,,,,,
,,,,,
,,,,,
,,,,,
,,,,,
,,,,,
,,,,,
,,,,,
,,,,,
,,,,,
,,,,,
,,,,,
,,,,,
,,,,,
,,,,,
,,,,,
,,,,,
,,,,,
,,,,,
,,,,,
,,,,,
,,,,,
,,,,,
,,,,,
,,,,,
,,,,,
,,,,,
,,,,,
,,,,,
,,,,,
,,,,,
,,,,,
,,,,,
,,,,,
,,,,,
,,,,,
,,,,,
,,,,,
,,,,,
,,,,,
,,,,,
,,,,,
,,,,,
,,,,,
,,,,,
,,,,,
,,,,,
,,,,,
,,,,,
,,,,,
,,,,,
,,,,,
,,,,,
,,,,,
,,,,,
,,,,,
,,,,,
,,,,,
,,,,,
,,,,,
,,,,,
,,,,,
,,,,,
,,,,,
,,,,,
,,,,,
,,,,,
,,,,,
,,,,,
,,,,,
,,,,,
,,,,,
,,,,,
,,,,,
,,,,,
,,,,,
,,,,,
,,,,,
,,,,,
,,,,,
,,,,,
,,,,,
,,,,,
,,,,,
,,,,,
,,,,,
,,,,,
,,,,,
,,,,,
,,,,,
,,,,,
,,,,,
,,,,,
,,,,,
,,,,,
,,,,,
,,,,,
,,,,,
,,,,,
,,,,,
,,,,,
,,,,,
,,,,,
,,,,,
,,,,,
,,,,,
,,,,,
,,,,,
,,,,,
,,,,,
,,,,,
,,,,,
,,,,,
,,,,,
,,,,,
,,,,,
,,,,,
,,,,,
,,,,,
,,,,,
,,,,,
,,,,,
,,,,,
,,,,,
,,,,,
,,,,,
,,,,,
,,,,,
,,,,,
,,,,,
,,,,,
,,,,,
,,,,,
,,,,,
,,,,,
,,,,,
,,,,,
,,,,,
,,,,,
,,,,,
,,,,,
,,,,,
,,,,,
,,,,,
,,,,,
,,,,,
,,,,,
,,,,,
,,,,,
,,,,,
,,,,,
,,,,,
,,,,,
,,,,,
,,,,,
,,,,,
,,,,,
,,,,,
,,,,,
,,,,,
,,,,,
,,,,,
,,,,,
,,,,,
,,,,,
,,,,,
,,,,,
,,,,,
,,,,,
,,,,,
,,,,,
,,,,,
,,,,,
,,,,,
,,,,,
,,,,,
,,,,,
,,,,,
,,,,,
,,,,,
,,,,,
,,,,,
,,,,,
,,,,,
,,,,,
,,,,,
,,,,,
,,,,,
,,,,,
,,,,,
,,,,,
,,,,,
,,,,,
,,,,,
,,,,,
,,,,,
,,,,,
,,,,,
,,,,,
,,,,,
,,,,,
,,,,,
,,,,,
,,,,,
,,,,,
,,,,,
,,,,,
,,,,,
,,,,,
,,,,,
,,,,,
,,,,,
,,,,,
,,,,,
,,,,,
,,,,,
,,,,,
,,,,,
,,,,,
,,,,,
,,,,,
,,,,,
,,,,,
,,,,,
,,,,,
,,,,,
,,,,,
,,,,,
,,,,,
,,,,,
,,,,,
,,,,,
,,,,,
,,,,,
,,,,,
,,,,,
,,,,,
,,,,,
,,,,,
,,,,,
,,,,,
,,,,,
,,,,,
,,,,,
,,,,,
,,,,,
,,,,,
,,,,,
,,,,,
,,,,,
,,,,,
,,,,,
,,,,,
,,,,,
,,,,,
,,,,,
,,,,,
,,,,,
,,,,,
,,,,,
,,,,,
,,,,,
,,,,,
,,,,,
,,,,,
,,,,,
,,,,,
,,,,,
,,,,,
,,,,,
,,,,,
,,,,,
,,,,,
,,,,,
,,,,,
,,,,,
,,,,,
,,,,,
,,,,,
,,,,,
,,,,,
,,,,,
,,,,,
,,,,,
,,,,,
,,,,,
,,,,,
,,,,,
,,,,,
,,,,,
,,,,,
,,,,,
,,,,,
,,,,,
,,,,,
,,,,,
,,,,,
,,,,,
,,,,,
,,,,,
,,,,,
,,,,,
,,,,,
,,,,,
,,,,,
,,,,,
,,,,,
,,,,,
,,,,,
,,,,,
,,,,,
,,,,,
,,,,,
,,,,,
,,,,,
,,,,,
,,,,,
,,,,,
,,,,,
,,,,,
,,,,,
,,,,,
,,,,,
,,,,,
,,,,,
,,,,,
,,,,,
,,,,,
,,,,,
,,,,,
,,,,,
,,,,,
,,,,,
,,,,,
,,,,,
,,,,,
,,,,,
,,,,,
,,,,,
,,,,,
,,,,,
,,,,,
,,,,,
,,,,,
,,,,,
,,,,,
,,,,,
,,,,,
,,,,,
,,,,,
,,,,,
,,,,,
,,,,,
,,,,,
,,,,,
,,,,,
,,,,,
,,,,,
,,,,,
,,,,,
,,,,,
,,,,,
,,,,,
,,,,,
,,,,,
,,,,,
,,,,,
,,,,,
,,,,,
,,,,,
,,,,,
,,,,,
,,,,,
,,,,,
,,,,,
,,,,,
,,,,,
,,,,,
,,,,,
,,,,,
,,,,,
,,,,,
,,,,,
,,,,,
,,,,,
,,,,,
,,,,,
,,,,,
,,,,,
,,,,,
,,,,,
,,,,,
,,,,,
,,,,,
,,,,,
,,,,,
,,,,,
,,,,,
,,,,,
,,,,,
,,,,,
,,,,,
,,,,,
,,,,,
,,,,,
,,,,,
,,,,,
,,,,,
,,,,,
,,,,,
,,,,,
,,,,,
,,,,,
,,,,,
,,,,,
,,,,,
,,,,,
,,,,,
,,,,,
,,,,,
,,,,,
,,,,,
,,,,,
,,,,,
,,,,,
,,,,,
,,,,,
,,,,,
,,,,,
,,,,,
,,,,,
,,,,,
,,,,,
,,,,,
,,,,,
,,,,,
,,,,,
,,,,,
,,,,,
,,,,,
,,,,,
,,,,,
,,,,,
,,,,,
,,,,,
,,,,,
,,,,,
,,,,,
,,,,,
,,,,,
,,,,,
,,,,,
,,,,,
,,,,,
,,,,,
,,,,,
,,,,,
,,,,,
,,,,,
,,,,,
,,,,,
,,,,,
,,,,,
,,,,,
,,,,,
,,,,,
,,,,,
,,,,,
,,,,,
,,,,,
,,,,,
,,,,,
,,,,,
,,,,,
,,,,,
,,,,,
,,,,,
,,,,,
,,,,,
,,,,,
,,,,,
,,,,,
,,,,,
,,,,,
,,,,,
,,,,,
,,,,,
,,,,,
,,,,,
,,,,,
,,,,,
,,,,,
,,,,,
,,,,,
,,,,,
,,,,,
,,,,,
,,,,,
,,,,,
,,,,,
,,,,,
,,,,,
,,,,,
,,,,,
,,,,,
,,,,,
,,,,,
,,,,,
,,,,,
,,,,,
,,,,,
,,,,,
,,,,,
,,,,,
,,,,,
,,,,,
,,,,,
,,,,,
,,,,,
,,,,,
,,,,,
,,,,,
,,,,,
,,,,,
,,,,,
,,,,,
,,,,,
,,,,,
,,,,,
,,,,,
,,,,,
,,,,,
,,,,,
,,,,,
,,,,,
,,,,,
,,,,,
,,,,,
,,,,,
,,,,,
,,,,,
,,,,,
,,,,,
,,,,,
,,,,,
,,,,,
,,,,,
,,,,,
,,,,,
,,,,,
,,,,,
,,,,,
,,,,,
,,,,,
,,,,,
,,,,,
,,,,,
,,,,,
,,,,,
,,,,,
,,,,,
,,,,,
,,,,,
,,,,,
,,,,,
,,,,,
,,,,,
,,,,,
,,,,,
,,,,,
,,,,,
,,,,,
,,,,,
,,,,,
,,,,,
,,,,,
,,,,,
,,,,,
,,,,,
,,,,,
,,,,,
,,,,,
,,,,,
,,,,,
,,,,,
,,,,,
,,,,,
,,,,,
,,,,,
,,,,,
,,,,,
,,,,,
,,,,,
,,,,,
,,,,,
,,,,,
,,,,,
,,,,,
,,,,,
,,,,,
,,,,,
,,,,,
,,,,,
,,,,,
,,,,,
,,,,,
,,,,,
,,,,,
,,,,,
,,,,,
,,,,,
,,,,,
,,,,,
,,,,,
,,,,,
,,,,,
,,,,,
,,,,,
,,,,,
,,,,,
,,,,,
,,,,,
,,,,,
,,,,,
,,,,,
,,,,,
,,,,,
,,,,,
,,,,,
,,,,,
,,,,,
,,,,,
,,,,,
,,,,,
,,,,,
,,,,,
,,,,,
,,,,,
,,,,,
,,,,,
,,,,,
,,,,,
,,,,,
,,,,,
,,,,,
,,,,,
,,,,,
,,,,,
,,,,,
,,,,,
,,,,,
,,,,,
,,,,,
,,,,,
,,,,,
,,,,,
,,,,,
,,,,,
,,,,,
,,,,,
,,,,,
,,,,,
,,,,,
,,,,,
,,,,,
,,,,,
,,,,,
,,,,,
,,,,,
,,,,,
,,,,,
,,,,,
,,,,,
,,,,,
,,,,,
,,,,,
,,,,,
,,,,,
,,,,,
,,,,,
,,,,,
,,,,,
,,,,,
,,,,,
,,,,,
,,,,,
,,,,,
,,,,,
,,,,,
,,,,,
,,,,,
,,,,,
,,,,,
,,,,,
,,,,,
,,,,,
,,,,,
,,,,,
,,,,,
,,,,,
,,,,,
,,,,,
,,,,,
,,,,,
,,,,,
,,,,,
,,,,,
,,,,,
,,,,,
,,,,,
,,,,,
,,,,,
,,,,,
,,,,,
,,,,,
,,,,,
,,,,,
,,,,,
,,,,,
,,,,,
,,,,,
,,,,,
,,,,,
,,,,,
,,,,,
,,,,,
,,,,,
,,,,,
,,,,,
,,,,,
,,,,,
,,,,,
,,,,,
,,,,,
,,,,,
,,,,,
,,,,,
,,,,,
,,,,,
,,,,,
,,,,,
,,,,,
,,,,,
,,,,,
,,,,,
,,,,,
,,,,,
,,,,,
,,,,,
,,,,,
,,,,,
,,,,,
,,,,,
,,,,,
,,,,,
,,,,,
,,,,,
,,,,,
,,,,,
,,,,,
,,,,,
,,,,,
,,,,,
,,,,,
,,,,,
,,,,,
,,,,,
,,,,,
,,,,,
,,,,,
,,,,,
,,,,,
,,,,,
,,,,,
,,,,,
,,,,,
,,,,,
,,,,,
,,,,,
,,,,,
,,,,,
,,,,,
,,,,,
,,,,,
,,,,,
,,,,,
,,,,,
,,,,,
,,,,,
,,,,,
,,,,,
,,,,,
,,,,,
,,,,,
,,,,,
,,,,,
,,,,,
,,,,,
,,,,,
,,,,,
,,,,,
,,,,,
,,,,,
,,,,,
,,,,,
,,,,,
,,,,,
,,,,,
,,,,,
,,,,,
,,,,,
,,,,,
,,,,,
,,,,,
,,,,,
,,,,,
,,,,,
,,,,,
,,,,,
,,,,,
,,,,,
,,,,,
,,,,,
,,,,,
,,,,,
,,,,,
,,,,,
,,,,,
,,,,,
,,,,,
,,,,,
,,,,,
,,,,,
,,,,,
,,,,,
,,,,,
,,,,,
,,,,,
,,,,,
,,,,,
,,,,,
,,,,,
,,,,,
,,,,,
,,,,,
,,,,,
,,,,,
,,,,,
,,,,,
,,,,,
,,,,,
,,,,,
,,,,,
,,,,,
,,,,,
,,,,,
,,,,,
,,,,,
,,,,,
,,,,,
,,,,,
,,,,,
,,,,,
,,,,,
,,,,,
,,,,,
,,,,,
,,,,,
,,,,,
,,,,,
,,,,,
,,,,,
,,,,,
,,,,,
,,,,,
,,,,,
,,,,,
,,,,,
,,,,,
,,,,,
,,,,,
,,,,,
,,,,,
,,,,,
,,,,,
,,,,,
,,,,,
,,,,,
,,,,,
,,,,,
,,,,,
,,,,,
,,,,,
,,,,,
,,,,,
,,,,,
,,,,,
,,,,,
,,,,,
,,,,,
,,,,,
,,,,,
,,,,,
,,,,,
,,,,,
,,,,,
,,,,,
,,,,,
,,,,,
,,,,,
,,,,,
,,,,,
,,,,,
,,,,,
,,,,,
,,,,,
,,,,,
,,,,,
,,,,,
,,,,,
,,,,,
,,,,,
,,,,,
,,,,,
,,,,,
,,,,,
,,,,,
,,,,,
,,,,,
,,,,,
,,,,,
,,,,,
,,,,,
,,,,,
,,,,,
,,,,,
,,,,,
,,,,,
,,,,,
,,,,,
,,,,,
,,,,,
,,,,,
,,,,,
,,,,,
,,,,,
,,,,,
,,,,,
,,,,,
,,,,,
,,,,,
,,,,,
,,,,,
,,,,,
,,,,,
,,,,,
,,,,,
,,,,,
,,,,,
,,,,,
,,,,,
,,,,,
,,,,,
,,,,,
,,,,,
,,,,,
,,,,,
,,,,,
,,,,,
,,,,,
,,,,,
,,,,,
,,,,,
,,,,,
,,,,,
,,,,,
,,,,,
,,,,,
,,,,,
,,,,,
,,,,,
,,,,,
,,,,,
,,,,,
,,,,,
,,,,,
,,,,,
,,,,,
,,,,,
,,,,,
,,,,,
,,,,,
,,,,,
,,,,,
,,,,,
,,,,,
,,,,,
,,,,,
,,,,,
,,,,,
,,,,,
,,,,,
,,,,,
,,,,,
,,,,,
,,,,,
,,,,,
,,,,,
,,,,,
,,,,,
,,,,,
,,,,,
,,,,,
,,,,,
,,,,,
,,,,,
,,,,,
,,,,,
,,,,,
,,,,,
,,,,,
,,,,,
,,,,,
,,,,,
,,,,,
,,,,,
,,,,,
,,,,,
,,,,,
,,,,,
,,,,,
,,,,,
,,,,,
,,,,,
,,,,,
,,,,,
,,,,,
,,,,,
,,,,,
,,,,,
,,,,,
,,,,,
,,,,,
,,,,,
,,,,,
,,,,,
,,,,,
,,,,,
,,,,,
,,,,,
,,,,,
,,,,,
,,,,,
,,,,,
,,,,,
,,,,,
,,,,,
,,,,,
,,,,,
,,,,,
,,,,,
,,,,,
,,,,,
,,,,,
,,,,,
,,,,,
,,,,,
,,,,,
,,,,,
,,,,,
,,,,,
,,,,,
,,,,,
,,,,,
,,,,,
,,,,,
,,,,,
,,,,,
,,,,,
,,,,,
,,,,,
,,,,,
,,,,,
,,,,,
,,,,,
,,,,,
,,,,,
,,,,,
,,,,,
,,,,,
,,,,,
,,,,,
,,,,,
,,,,,
,,,,,
,,,,,
,,,,,
,,,,,
,,,,,
,,,,,
,,,,,
,,,,,
,,,,,
,,,,,
,,,,,
,,,,,
,,,,,
,,,,,
,,,,,
,,,,,
,,,,,
,,,,,
,,,,,
,,,,,
,,,,,
,,,,,
,,,,,
,,,,,
,,,,,
,,,,,
,,,,,
,,,,,
,,,,,
,,,,,
,,,,,
,,,,,
,,,,,
,,,,,
,,,,,
,,,,,
,,,,,
,,,,,
,,,,,
,,,,,
,,,,,
,,,,,
,,,,,
,,,,,
,,,,,
,,,,,
,,,,,
,,,,,
,,,,,
,,,,,
,,,,,
,,,,,
,,,,,
,,,,,
,,,,,
,,,,,
,,,,,
,,,,,
,,,,,
,,,,,
,,,,,
,,,,,
,,,,,
,,,,,
,,,,,
,,,,,
,,,,,
,,,,,
,,,,,
,,,,,
,,,,,
,,,,,
,,,,,
,,,,,
,,,,,
,,,,,
,,,,,
,,,,,
,,,,,
,,,,,
,,,,,
,,,,,
,,,,,
,,,,,
,,,,,
,,,,,
,,,,,
,,,,,
,,,,,
,,,,,
,,,,,
,,,,,
,,,,,
,,,,,
,,,,,
,,,,,
,,,,,
,,,,,
,,,,,
,,,,,
,,,,,
,,,,,
,,,,,
,,,,,
,,,,,
,,,,,
,,,,,
,,,,,
,,,,,
,,,,,
,,,,,
,,,,,
,,,,,
,,,,,
,,,,,
,,,,,
,,,,,
,,,,,
,,,,,
,,,,,
,,,,,
,,,,,
,,,,,
,,,,,
,,,,,
,,,,,
,,,,,
,,,,,
,,,,,
,,,,,
,,,,,
,,,,,
,,,,,
,,,,,
,,,,,
,,,,,
,,,,,
,,,,,
,,,,,
,,,,,
,,,,,
,,,,,
,,,,,
,,,,,
,,,,,
,,,,,
,,,,,
,,,,,
,,,,,
,,,,,
,,,,,
,,,,,
,,,,,
,,,,,
,,,,,
,,,,,
,,,,,
,,,,,
,,,,,
,,,,,
,,,,,
,,,,,
,,,,,
,,,,,
,,,,,
,,,,,
,,,,,
,,,,,
,,,,,
,,,,,
,,,,,
,,,,,
,,,,,
,,,,,
,,,,,
,,,,,
,,,,,
,,,,,
,,,,,
,,,,,
,,,,,
,,,,,
,,,,,
,,,,,
,,,,,
,,,,,
,,,,,
,,,,,
,,,,,
,,,,,
,,,,,
,,,,,
,,,,,
,,,,,
,,,,,
,,,,,
,,,,,
,,,,,
,,,,,
,,,,,
,,,,,
,,,,,
,,,,,
,,,,,
,,,,,
,,,,,
,,,,,
,,,,,
,,,,,
,,,,,
,,,,,
,,,,,
,,,,,
,,,,,
,,,,,
,,,,,
,,,,,
,,,,,
,,,,,
,,,,,
,,,,,
,,,,,
,,,,,
,,,,,
,,,,,
,,,,,
,,,,,
,,,,,
,,,,,
,,,,,
,,,,,
,,,,,
,,,,,
,,,,,
,,,,,
,,,,,
,,,,,
,,,,,
,,,,,
,,,,,
,,,,,
,,,,,
,,,,,
,,,,,
,,,,,
,,,,,
,,,,,
,,,,,
,,,,,
,,,,,
,,,,,
,,,,,
,,,,,
,,,,,
,,,,,
,,,,,
,,,,,
,,,,,
,,,,,
,,,,,
,,,,,
,,,,,
,,,,,
,,,,,
,,,,,
,,,,,
,,,,,
,,,,,
,,,,,
,,,,,
,,,,,
,,,,,
,,,,,
,,,,,
,,,,,
,,,,,
,,,,,
,,,,,
,,,,,
,,,,,
,,,,,
,,,,,
,,,,,
,,,,,
,,,,,
,,,,,
,,,,,
,,,,,
,,,,,
,,,,,
,,,,,
,,,,,
,,,,,
,,,,,
,,,,,
,,,,,
,,,,,
,,,,,
,,,,,
,,,,,
,,,,,
,,,,,
,,,,,
,,,,,
,,,,,
,,,,,
,,,,,
,,,,,
,,,,,
,,,,,
,,,,,
,,,,,
,,,,,
,,,,,
,,,,,
,,,,,
,,,,,
,,,,,
,,,,,
,,,,,
,,,,,
,,,,,
,,,,,
,,,,,
,,,,,
,,,,,
,,,,,
,,,,,
,,,,,
,,,,,
,,,,,
,,,,,
,,,,,
,,,,,
,,,,,
,,,,,
,,,,,
,,,,,
,,,,,
,,,,,
,,,,,
,,,,,
,,,,,
,,,,,
,,,,,
,,,,,
,,,,,
,,,,,
,,,,,
,,,,,
,,,,,
,,,,,
,,,,,
,,,,,
,,,,,
,,,,,
,,,,,
,,,,,
,,,,,
,,,,,
,,,,,
,,,,,
,,,,,
,,,,,
,,,,,
,,,,,
,,,,,
,,,,,
,,,,,
,,,,,
,,,,,
,,,,,
,,,,,
,,,,,
,,,,,
,,,,,
,,,,,
,,,,,
,,,,,
,,,,,
,,,,,
,,,,,
,,,,,
,,,,,
,,,,,
,,,,,
,,,,,
,,,,,
,,,,,
,,,,,
,,,,,
,,,,,
,,,,,
,,,,,
,,,,,
,,,,,
,,,,,
,,,,,
,,,,,
,,,,,
,,,,,
,,,,,
,,,,,
,,,,,
,,,,,
,,,,,
,,,,,
,,,,,
,,,,,
,,,,,
,,,,,
,,,,,
,,,,,
,,,,,
,,,,,
,,,,,
,,,,,
,,,,,
,,,,,
,,,,,
,,,,,
,,,,,
,,,,,
,,,,,
,,,,,
,,,,,
,,,,,
,,,,,
,,,,,
,,,,,
,,,,,
,,,,,
,,,,,
,,,,,
,,,,,
,,,,,
,,,,,
,,,,,
,,,,,
,,,,,
,,,,,
,,,,,
,,,,,
,,,,,
,,,,,
,,,,,
,,,,,
,,,,,
,,,,,
,,,,,
,,,,,
,,,,,
,,,,,
,,,,,
,,,,,
,,,,,
,,,,,
,,,,,
,,,,,
,,,,,
,,,,,
,,,,,
,,,,,
,,,,,
,,,,,
,,,,,
,,,,,
,,,,,
,,,,,
,,,,,
,,,,,
,,,,,
,,,,,
,,,,,
,,,,,
,,,,,
,,,,,
,,,,,
,,,,,
,,,,,
,,,,,
,,,,,
,,,,,
,,,,,
,,,,,
,,,,,
,,,,,
,,,,,
,,,,,
,,,,,
,,,,,
,,,,,
,,,,,
,,,,,
,,,,,
,,,,,
,,,,,
,,,,,
,,,,,
,,,,,
,,,,,
,,,,,
,,,,,
,,,,,
,,,,,
,,,,,
,,,,,
,,,,,
,,,,,
,,,,,
,,,,,
,,,,,
,,,,,
,,,,,
,,,,,
,,,,,
,,,,,
,,,,,
,,,,,
,,,,,
,,,,,
,,,,,
,,,,,
,,,,,
,,,,,
,,,,,
,,,,,
,,,,,
,,,,,
,,,,,
,,,,,
,,,,,
,,,,,
,,,,,
,,,,,
,,,,,
,,,,,
,,,,,
,,,,,
,,,,,
,,,,,
,,,,,
,,,,,
,,,,,
,,,,,
,,,,,
,,,,,
,,,,,
,,,,,
,,,,,
,,,,,
,,,,,
,,,,,
,,,,,
,,,,,
,,,,,
,,,,,
,,,,,
,,,,,
,,,,,
,,,,,
,,,,,
,,,,,
,,,,,
,,,,,
,,,,,
,,,,,
,,,,,
,,,,,
,,,,,
,,,,,
,,,,,
,,,,,
,,,,,
,,,,,
,,,,,
,,,,,
,,,,,
,,,,,
,,,,,
,,,,,
,,,,,
,,,,,
,,,,,
,,,,,
,,,,,
,,,,,
,,,,,
,,,,,
,,,,,
,,,,,
,,,,,
,,,,,
,,,,,
,,,,,
,,,,,
,,,,,
,,,,,
,,,,,
,,,,,
,,,,,
,,,,,
,,,,,
,,,,,
,,,,,
,,,,,
,,,,,
,,,,,
,,,,,
,,,,,
,,,,,
,,,,,
,,,,,
,,,,,
,,,,,
,,,,,
,,,,,
,,,,,
,,,,,
,,,,,
,,,,,
,,,,,
,,,,,
,,,,,
,,,,,
,,,,,
,,,,,
,,,,,
,,,,,
,,,,,
,,,,,
,,,,,
,,,,,
,,,,,
,,,,,
,,,,,
,,,,,
,,,,,
,,,,,
,,,,,
,,,,,
,,,,,
,,,,,
,,,,,
,,,,,
,,,,,
,,,,,
,,,,,
,,,,,
,,,,,
,,,,,
,,,,,
,,,,,
,,,,,
,,,,,
,,,,,
,,,,,
,,,,,
,,,,,
,,,,,
,,,,,
,,,,,
,,,,,
,,,,,
,,,,,
,,,,,
,,,,,
,,,,,
,,,,,
,,,,,
,,,,,
,,,,,
,,,,,
,,,,,
,,,,,
,,,,,
,,,,,
,,,,,
,,,,,
,,,,,
,,,,,
,,,,,
,,,,,
,,,,,
,,,,,
,,,,,
,,,,,
,,,,,
,,,,,
,,,,,
,,,,,
,,,,,
,,,,,
,,,,,
,,,,,
,,,,,
,,,,,
,,,,,
,,,,,
,,,,,
,,,,,
,,,,,
,,,,,
,,,,,
,,,,,
,,,,,
,,,,,
,,,,,
,,,,,
,,,,,
,,,,,
,,,,,
,,,,,
,,,,,
,,,,,
,,,,,
,,,,,
,,,,,
,,,,,
,,,,,
,,,,,
,,,,,
,,,,,
,,,,,
,,,,,
,,,,,
,,,,,
,,,,,
,,,,,
,,,,,
,,,,,
,,,,,
,,,,,
,,,,,
,,,,,
,,,,,
,,,,,
,,,,,
,,,,,
,,,,,
,,,,,
,,,,,
,,,,,
,,,,,
,,,,,
,,,,,
,,,,,
,,,,,
,,,,,
,,,,,
,,,,,
,,,,,
,,,,,
,,,,,
,,,,,
,,,,,
,,,,,
,,,,,
,,,,,
,,,,,
,,,,,
,,,,,
,,,,,
,,,,,
,,,,,
,,,,,
,,,,,
,,,,,
,,,,,
,,,,,
,,,,,
,,,,,
,,,,,
,,,,,
,,,,,
,,,,,
,,,,,
,,,,,
,,,,,
,,,,,
,,,,,
,,,,,
,,,,,
,,,,,
,,,,,
,,,,,
,,,,,
,,,,,
,,,,,
,,,,,
,,,,,
,,,,,
,,,,,
,,,,,
,,,,,
,,,,,
,,,,,
,,,,,
,,,,,
,,,,,
,,,,,
,,,,,
,,,,,
,,,,,
,,,,,
,,,,,
,,,,,
,,,,,
,,,,,
,,,,,
,,,,,
,,,,,
,,,,,
,,,,,
,,,,,
,,,,,
,,,,,
,,,,,
,,,,,
,,,,,
,,,,,
,,,,,
,,,,,
,,,,,
,,,,,
,,,,,
,,,,,
,,,,,
,,,,,
,,,,,
,,,,,
,,,,,
,,,,,
,,,,,
,,,,,
,,,,,
,,,,,
,,,,,
,,,,,
,,,,,
,,,,,
,,,,,
,,,,,
,,,,,
,,,,,
,,,,,
,,,,,
,,,,,
,,,,,
,,,,,
,,,,,
,,,,,
,,,,,
,,,,,
,,,,,
,,,,,
,,,,,
,,,,,
,,,,,
,,,,,
,,,,,
,,,,,
,,,,,
,,,,,
,,,,,
,,,,,
,,,,,
,,,,,
,,,,,
,,,,,
,,,,,
,,,,,
,,,,,
,,,,,
,,,,,
,,,,,
,,,,,
,,,,,
,,,,,
,,,,,
,,,,,
,,,,,
,,,,,
,,,,,
,,,,,
,,,,,
,,,,,
,,,,,
,,,,,
,,,,,
,,,,,
,,,,,
,,,,,
,,,,,
,,,,,
,,,,,
,,,,,
,,,,,
,,,,,
,,,,,
,,,,,
,,,,,
,,,,,
,,,,,
,,,,,
,,,,,
,,,,,
,,,,,
,,,,,
,,,,,
,,,,,
,,,,,
,,,,,
,,,,,
,,,,,
,,,,,
,,,,,
,,,,,
,,,,,
,,,,,
,,,,,
,,,,,
,,,,,
,,,,,
,,,,,
,,,,,
,,,,,
,,,,,
,,,,,
,,,,,
,,,,,
,,,,,
,,,,,
,,,,,
,,,,,
,,,,,
,,,,,
,,,,,
,,,,,
,,,,,
,,,,,
,,,,,
,,,,,
,,,,,
,,,,,
,,,,,
,,,,,
,,,,,
,,,,,
,,,,,
,,,,,
,,,,,
,,,,,
,,,,,
,,,,,
,,,,,
,,,,,
,,,,,
,,,,,
,,,,,
,,,,,
,,,,,
,,,,,
,,,,,
,,,,,
,,,,,
,,,,,
,,,,,
,,,,,
,,,,,
,,,,,
,,,,,
,,,,,
,,,,,
,,,,,
,,,,,
,,,,,
,,,,,
,,,,,
,,,,,
,,,,,
,,,,,
,,,,,
,,,,,
,,,,,
,,,,,
,,,,,
,,,,,
,,,,,
,,,,,
,,,,,
,,,,,
,,,,,
,,,,,
,,,,,
,,,,,
,,,,,
,,,,,
,,,,,
,,,,,
,,,,,
,,,,,
,,,,,
,,,,,
,,,,,
,,,,,
,,,,,
,,,,,
,,,,,
,,,,,
,,,,,
,,,,,
,,,,,
,,,,,
,,,,,
,,,,,
,,,,,
,,,,,
,,,,,
,,,,,
,,,,,
,,,,,
,,,,,
,,,,,
,,,,,
,,,,,
,,,,,
,,,,,
,,,,,
,,,,,
,,,,,
,,,,,
,,,,,
,,,,,
,,,,,
,,,,,
,,,,,
,,,,,
,,,,,
,,,,,
,,,,,
,,,,,
,,,,,
,,,,,
,,,,,
,,,,,
,,,,,
,,,,,
,,,,,
,,,,,
,,,,,
,,,,,
,,,,,
,,,,,
,,,,,
,,,,,
,,,,,
,,,,,
,,,,,
,,,,,
,,,,,
,,,,,
,,,,,
,,,,,
,,,,,
,,,,,
,,,,,
,,,,,
,,,,,
,,,,,
,,,,,
,,,,,
,,,,,
,,,,,
,,,,,
,,,,,
,,,,,
,,,,,
,,,,,
,,,,,
,,,,,
,,,,,
,,,,,
,,,,,
,,,,,
,,,,,
,,,,,
,,,,,
,,,,,
,,,,,
,,,,,
,,,,,
,,,,,
,,,,,
,,,,,
,,,,,
,,,,,
,,,,,
,,,,,
,,,,,
,,,,,
,,,,,
,,,,,
,,,,,
,,,,,
,,,,,
,,,,,
,,,,,
,,,,,
,,,,,
,,,,,
,,,,,
,,,,,
,,,,,
,,,,,
,,,,,
,,,,,
,,,,,
,,,,,
,,,,,
,,,,,
,,,,,
,,,,,
,,,,,
,,,,,
,,,,,
,,,,,
,,,,,
,,,,,
,,,,,
,,,,,
,,,,,
,,,,,
,,,,,
,,,,,
,,,,,
,,,,,
,,,,,
,,,,,
,,,,,
,,,,,
,,,,,
,,,,,
,,,,,
,,,,,
,,,,,
,,,,,
,,,,,
,,,,,
,,,,,
,,,,,
,,,,,
,,,,,
,,,,,
,,,,,
,,,,,
,,,,,
,,,,,
,,,,,
,,,,,
,,,,,
,,,,,
,,,,,
,,,,,
,,,,,
,,,,,
,,,,,
,,,,,
,,,,,
,,,,,
,,,,,
,,,,,
,,,,,
,,,,,
,,,,,
,,,,,
,,,,,
,,,,,
,,,,,
,,,,,
,,,,,
,,,,,
,,,,,
,,,,,
,,,,,
,,,,,
,,,,,
,,,,,
,,,,,
,,,,,
,,,,,
,,,,,
,,,,,
,,,,,
,,,,,
,,,,,
,,,,,
,,,,,
,,,,,
,,,,,
,,,,,
,,,,,
,,,,,
,,,,,
,,,,,
,,,,,
,,,,,
,,,,,
,,,,,
,,,,,
,,,,,
,,,,,
,,,,,
,,,,,
,,,,,
,,,,,
,,,,,
,,,,,
,,,,,
,,,,,
,,,,,
,,,,,
,,,,,
,,,,,
,,,,,
,,,,,
,,,,,
,,,,,
,,,,,
,,,,,
,,,,,
,,,,,
,,,,,
,,,,,
,,,,,
,,,,,
,,,,,
,,,,,
,,,,,
,,,,,
,,,,,
,,,,,
,,,,,
,,,,,
,,,,,
,,,,,
,,,,,
,,,,,
,,,,,
,,,,,
,,,,,
,,,,,
,,,,,
,,,,,
,,,,,
,,,,,
,,,,,
,,,,,
,,,,,
,,,,,
,,,,,
,,,,,
,,,,,
,,,,,
,,,,,
,,,,,
,,,,,
,,,,,
,,,,,
,,,,,
,,,,,
,,,,,
,,,,,
,,,,,
,,,,,
,,,,,
,,,,,
,,,,,
,,,,,
,,,,,
,,,,,
,,,,,
,,,,,
,,,,,
,,,,,
,,,,,
,,,,,
,,,,,
,,,,,
,,,,,
,,,,,
,,,,,
,,,,,
,,,,,
,,,,,
,,,,,
,,,,,
,,,,,
,,,,,
,,,,,
,,,,,
,,,,,
,,,,,
,,,,,
,,,,,
,,,,,
,,,,,
,,,,,
,,,,,
,,,,,
,,,,,
,,,,,
,,,,,
,,,,,
,,,,,
,,,,,
,,,,,
,,,,,
,,,,,
,,,,,
,,,,,
,,,,,
,,,,,
,,,,,
,,,,,
,,,,,
,,,,,
,,,,,
,,,,,
,,,,,
,,,,,
,,,,,
,,,,,
,,,,,
,,,,,
,,,,,
,,,,,
,,,,,
,,,,,
,,,,,
,,,,,
,,,,,
,,,,,
,,,,,
,,,,,
,,,,,
,,,,,
,,,,,
,,,,,
,,,,,
,,,,,
,,,,,
,,,,,
,,,,,
,,,,,
,,,,,
,,,,,
,,,,,
,,,,,
,,,,,
,,,,,
,,,,,
,,,,,
,,,,,
,,,,,
,,,,,
,,,,,
,,,,,
,,,,,
,,,,,
,,,,,
,,,,,
,,,,,
,,,,,
,,,,,
,,,,,
,,,,,
,,,,,
,,,,,
,,,,,
,,,,,
,,,,,
,,,,,
,,,,,
,,,,,
,,,,,
,,,,,
,,,,,
,,,,,
,,,,,
,,,,,
,,,,,
,,,,,
,,,,,
,,,,,
,,,,,
,,,,,
,,,,,
,,,,,
,,,,,
,,,,,
,,,,,
,,,,,
,,,,,
,,,,,
,,,,,
,,,,,
,,,,,
,,,,,
,,,,,
,,,,,
,,,,,
,,,,,
,,,,,
,,,,,
,,,,,
,,,,,
,,,,,
,,,,,
,,,,,
,,,,,
,,,,,
,,,,,
,,,,,
,,,,,
,,,,,
,,,,,
,,,,,
,,,,,
,,,,,
,,,,,
,,,,,
,,,,,
,,,,,
,,,,,
,,,,,
,,,,,
,,,,,
,,,,,
,,,,,
,,,,,
,,,,,
,,,,,
,,,,,
,,,,,
,,,,,
,,,,,
,,,,,
,,,,,
,,,,,
,,,,,
,,,,,
,,,,,
,,,,,
,,,,,
,,,,,
,,,,,
,,,,,
,,,,,
,,,,,
,,,,,
,,,,,
,,,,,
,,,,,
,,,,,
,,,,,
,,,,,
,,,,,
,,,,,
,,,,,
,,,,,
,,,,,
,,,,,
,,,,,
,,,,,
,,,,,
,,,,,
,,,,,
,,,,,
,,,,,
,,,,,
,,,,,
,,,,,
,,,,,
,,,,,
,,,,,
,,,,,
> 15.0,15.0,> 15.0,15.0,2.738,2.738
> 15.0,15.0,> 9999.0,9999.0,13.084,13.084
> 15.0,15.0,> 9999.0,9999.0,13.261,13.261
> 15.0,15.0,4.292,4.292,1.07,1.07
> 15.0,15.0,> 9999.0,9999.0,0.427,0.427
> 15.0,15.0,5.955,5.955,1.043,1.043
> 15.0,15.0,6.941,6.941,2.131,2.131
> 15.0,15.0,6.087,6.087,0.212,0.212
> 15.0,15.0,9.009,9.009,1.539,1.539
7.784,7.784,5.632,5.632,6.259,6.259
1.787,1.787,0.684,0.684,0.838,0.838
11.565,11.565,> 9999.0,9999.0,10.087,10.087
3.143,3.143,3.775,3.775,0.873,0.873
> 15.0,15.0,> 9999.0,9999.0,3.978,3.978
8.101,8.101,4.077,4.077,2.119,2.119
7.445,7.445,4.726,4.726,1.078,1.078
> 15.0,15.0,> 9999.0,9999.0,24.185,24.185
> 15.0,15.0,> 9999.0,9999.0,> 50.0,50.0
> 15.0,15.0,8.058,8.058,3.905,3.905
> 15.0,15.0,> 9999.0,9999.0,> 50.0,50.0
> 15.0,15.0,< 0.029,0.029,1.091,1.091
> 15.0,15.0,< 0.029,0.029,24.697,24.697
> 15.0,15.0,> 9999.0,9999.0,> 50.0,50.0
> 15.0,15.0,> 9999.0,9999.0,29.931,29.931
> 15.0,15.0,> 9999.0,9999.0,> 50.0,50.0
> 15.0,15.0,> 9999.0,9999.0,> 50.0,50.0
9.814,9.814,> 9999.0,9999.0,2.164,2.164
> 15.0,15.0,> 9999.0,9999.0,30.846,30.846
> 15.0,15.0,> 15.0,15.0,2.943,2.943
> 15.0,15.0,> 9999.0,9999.0,3.325,3.325
> 15.0,15.0,> 9999.0,9999.0,6.88,6.88
> 15.0,15.0,6.295,6.295,4.091,4.091
2.317,2.317,5.96,5.96,8.541,8.541
> 15.0,15.0,> 15.0,15.0,2.583,2.583
> 15.0,15.0,7.262,7.262,3.978,3.978
> 15.0,15.0,14.079,14.079,3.756,3.756
2.798,2.798,10.874,10.874,2.946,2.946
> 15.0,15.0,> 15.0,15.0,0.209,0.209
> 15.0,15.0,> 9999.0,9999.0,1.487,1.487
> 15.0,15.0,> 9999.0,9999.0,> 50.0,50.0
> 15.0,15.0,> 9999.0,9999.0,25.462,25.462
> 15.0,15.0,13.751,13.751,> 50.0,50.0
> 15.0,15.0,> 9999.0,9999.0,6.568,6.568
> 15.0,15.0,> 9999.0,9999.0,> 50.0,50.0
> 15.0,15.0,> 15.0,15.0,11.556,11.556
> 15.0,15.0,5.617,5.617,0.929,0.929
> 15.0,15.0,> 9999.0,9999.0,> 50.0,50.0
> 15.0,15.0,> 9999.0,9999.0,5.695,5.695
> 15.0,15.0,> 9999.0,9999.0,5.193,5.193
> 15.0,15.0,3.486,3.486,3.53,3.53
> 15.0,15.0,1.883,1.883,2.689,2.689
> 15.0,15.0,> 9999.0,9999.0,1.724,1.724
> 15.0,15.0,> 9999.0,9999.0,1.401,1.401
> 15.0,15.0,3.947,3.947,0.473,0.473
> 15.0,15.0,> 9999.0,9999.0,16.103,16.103
> 15.0,15.0,2.899,2.899,7.092,7.092
> 15.0,15.0,6.804,6.804,4.433,4.433
> 15.0,15.0,> 9999.0,9999.0,23.611,23.611
4.636,4.636,5.454,5.454,0.606,0.606
> 15.0,15.0,> 9999.0,9999.0,> 50.0,50.0
> 15.0,15.0,> 9999.0,9999.0,> 50.0,50.0
> 15.0,15.0,> 9999.0,9999.0,6.497,6.497
> 15.0,15.0,> 9999.0,9999.0,> 50.0,50.0
> 15.0,15.0,8.769,8.769,4.588,4.588
> 15.0,15.0,> 9999.0,9999.0,> 50.0,50.0
> 15.0,15.0,> 9999.0,9999.0,0.318,0.318
> 15.0,15.0,> 9999.0,9999.0,1.521,1.521
> 15.0,15.0,> 9999.0,9999.0,3.103,3.103
> 15.0,15.0,11.224,11.224,1.322,1.322
> 15.0,15.0,> 9999.0,9999.0,4.02,4.02
> 15.0,15.0,> 9999.0,9999.0,> 50.0,50.0
> 15.0,15.0,> 9999.0,9999.0,4.772,4.772
> 15.0,15.0,> 9999.0,9999.0,0.733,0.733
> 15.0,15.0,8.382,8.382,11.397,11.397
> 15.0,15.0,> 9999.0,9999.0,11.709,11.709
> 15.0,15.0,> 9999.0,9999.0,17.651,17.651
> 15.0,15.0,> 9999.0,9999.0,> 50.0,50.0
> 15.0,15.0,> 9999.0,9999.0,0.793,0.793
> 15.0,15.0,> 9999.0,9999.0,0.323,0.323
> 15.0,15.0,> 9999.0,9999.0,1.869,1.869
> 15.0,15.0,> 9999.0,9999.0,0.351,0.351
9.667,9.667,> 9999.0,9999.0,> 50.0,50.0
> 15.0,15.0,> 9999.0,9999.0,3.486,3.486
> 15.0,15.0,> 9999.0,9999.0,> 50.0,50.0
> 15.0,15.0,> 9999.0,9999.0,2.178,2.178
> 15.0,15.0,> 9999.0,9999.0,13.695,13.695
> 15.0,15.0,10.053,10.053,> 50.0,50.0
> 15.0,15.0,> 9999.0,9999.0,> 50.0,50.0
> 15.0,15.0,> 9999.0,9999.0,3.291,3.291
> 15.0,15.0,7.007,7.007,12.601,12.601
> 15.0,15.0,> 9999.0,9999.0,3.474,3.474
> 15.0,15.0,> 9999.0,9999.0,41.038,41.038
> 15.0,15.0,> 9999.0,9999.0,7.002,7.002
> 15.0,15.0,> 9999.0,9999.0,2.155,2.155
> 15.0,15.0,> 9999.0,9999.0,6.468,6.468
> 15.0,15.0,1.455,1.455,1.85,1.85
> 15.0,15.0,> 9999.0,9999.0,1.819,1.819
> 15.0,15.0,> 9999.0,9999.0,6.764,6.764
> 15.0,15.0,> 9999.0,9999.0,6.221,6.221
> 15.0,15.0,> 9999.0,9999.0,0.515,0.515
> 15.0,15.0,> 15.0,15.0,> 50.0,50.0
> 15.0,15.0,> 9999.0,9999.0,6.354,6.354
12.311,12.311,> 9999.0,9999.0,10.929,10.929
> 15.0,15.0,> 9999.0,9999.0,> 50.0,50.0
> 15.0,15.0,> 9999.0,9999.0,8.874,8.874
> 15.0,15.0,10.481,10.481,3.146,3.146
> 15.0,15.0,> 9999.0,9999.0,6.03,6.03
> 15.0,15.0,1.768,1.768,8.094,8.094
> 15.0,15.0,> 9999.0,9999.0,3.095,3.095
> 15.0,15.0,> 9999.0,9999.0,1.433,1.433
> 15.0,15.0,> 9999.0,9999.0,3.548,3.548
> 15.0,15.0,> 9999.0,9999.0,8.793,8.793
> 15.0,15.0,> 9999.0,9999.0,15.952,15.952
> 15.0,15.0,6.906,6.906,3.739,3.739
> 15.0,15.0,> 9999.0,9999.0,3.014,3.014
> 15.0,15.0,> 9999.0,9999.0,6.091,6.091
> 15.0,15.0,> 9999.0,9999.0,> 50.0,50.0
> 15.0,15.0,> 9999.0,9999.0,1.633,1.633
> 15.0,15.0,> 9999.0,9999.0,14.852,14.852
> 15.0,15.0,> 9999.0,9999.0,> 50.0,50.0
> 15.0,15.0,> 9999.0,9999.0,32.946,32.946
4.895,4.895,> 9999.0,9999.0,8.699,8.699
> 15.0,15.0,> 9999.0,9999.0,> 50.0,50.0
> 15.0,15.0,> 9999.0,9999.0,> 50.0,50.0
> 15.0,15.0,> 9999.0,9999.0,3.074,3.074
> 15.0,15.0,> 9999.0,9999.0,8.418,8.418
> 15.0,15.0,> 9999.0,9999.0,> 50.0,50.0
> 15.0,15.0,> 9999.0,9999.0,5.98,5.98
> 15.0,15.0,> 9999.0,9999.0,4.396,4.396
> 15.0,15.0,9.541,9.541,9.699,9.699
> 15.0,15.0,> 9999.0,9999.0,> 50.0,50.0
> 15.0,15.0,8.578,8.578,1.916,1.916
> 15.0,15.0,> 9999.0,9999.0,13.868,13.868
> 15.0,15.0,> 9999.0,9999.0,6.684,6.684
> 15.0,15.0,> 9999.0,9999.0,3.123,3.123
> 15.0,15.0,12.55,12.55,6.583,6.583
> 15.0,15.0,> 9999.0,9999.0,29.542,29.542
> 15.0,15.0,> 9999.0,9999.0,5.042,5.042
7.567,7.567,> 9999.0,9999.0,0.913,0.913
> 15.0,15.0,4.845,4.845,6.077,6.077
> 15.0,15.0,> 9999.0,9999.0,> 50.0,50.0
> 15.0,15.0,> 9999.0,9999.0,3.8,3.8
> 15.0,15.0,> 15.0,15.0,25.729,25.729
> 15.0,15.0,> 9999.0,9999.0,2.066,2.066
> 15.0,15.0,> 9999.0,9999.0,10.444,10.444
> 15.0,15.0,5.392,5.392,12.361,12.361
9.875,9.875,> 9999.0,9999.0,> 50.0,50.0
4.807,4.807,> 9999.0,9999.0,> 50.0,50.0
> 15.0,15.0,6.159,6.159,3.318,3.318
2.625,2.625,> 9999.0,9999.0,3.27,3.27
8.696,8.696,> 9999.0,9999.0,9.874,9.874
> 15.0,15.0,2.328,2.328,0.889,0.889
> 15.0,15.0,> 9999.0,9999.0,0.861,0.861
> 15.0,15.0,> 9999.0,9999.0,6.688,6.688
> 15.0,15.0,2.076,2.076,6.613,6.613
> 15.0,15.0,> 15.0,15.0,11.913,11.913
> 15.0,15.0,> 9999.0,9999.0,0.865,0.865
> 15.0,15.0,> 9999.0,9999.0,6.051,6.051
> 15.0,15.0,9.701,9.701,6.536,6.536
> 15.0,15.0,> 9999.0,9999.0,12.203,12.203
> 15.0,15.0,> 9999.0,9999.0,3.827,3.827
> 15.0,15.0,> 9999.0,9999.0,3.474,3.474
> 15.0,15.0,> 9999.0,9999.0,0.399,0.399
> 15.0,15.0,> 9999.0,9999.0,2.134,2.134
9.337,9.337,> 9999.0,9999.0,7.866,7.866
> 15.0,15.0,> 9999.0,9999.0,5.822,5.822
> 15.0,15.0,> 9999.0,9999.0,1.206,1.206
> 15.0,15.0,2.357,2.357,2.283,2.283
> 15.0,15.0,> 9999.0,9999.0,6.862,6.862
> 15.0,15.0,> 9999.0,9999.0,43.325,43.325
> 15.0,15.0,0.622,0.622,0.233,0.233
> 15.0,15.0,> 9999.0,9999.0,7.897,7.897
> 15.0,15.0,5.572,5.572,3.459,3.459
11.854,11.854,3.047,3.047,7.289,7.289
> 15.0,15.0,1.502,1.502,3.948,3.948
> 15.0,15.0,5.299,5.299,4.539,4.539
> 15.0,15.0,> 9999.0,9999.0,1.226,1.226
> 15.0,15.0,> 9999.0,9999.0,6.952,6.952
> 15.0,15.0,> 15.0,15.0,1.272,1.272
> 15.0,15.0,> 9999.0,9999.0,> 50.0,50.0
> 15.0,15.0,> 9999.0,9999.0,3.448,3.448
> 15.0,15.0,> 9999.0,9999.0,12.983,12.983
> 15.0,15.0,> 9999.0,9999.0,6.182,6.182
> 15.0,15.0,> 9999.0,9999.0,> 50.0,50.0
> 15.0,15.0,4.065,4.065,12.135,12.135
> 15.0,15.0,> 9999.0,9999.0,3.612,3.612
> 15.0,15.0,> 9999.0,9999.0,> 50.0,50.0
> 15.0,15.0,> 9999.0,9999.0,9.441,9.441
> 15.0,15.0,> 9999.0,9999.0,11.523,11.523
9.28,9.28,> 9999.0,9999.0,6.933,6.933
> 15.0,15.0,9.515,9.515,13.748,13.748
> 15.0,15.0,> 9999.0,9999.0,2.349,2.349
8.477,8.477,> 9999.0,9999.0,> 50.0,50.0
> 15.0,15.0,> 9999.0,9999.0,> 50.0,50.0
> 15.0,15.0,> 9999.0,9999.0,> 50.0,50.0
> 15.0,15.0,> 9999.0,9999.0,2.386,2.386
> 15.0,15.0,> 9999.0,9999.0,> 50.0,50.0
4.544,4.544,> 9999.0,9999.0,18.18,18.18
> 15.0,15.0,10.406,10.406,3.501,3.501
> 15.0,15.0,> 9999.0,9999.0,> 50.0,50.0
> 15.0,15.0,> 9999.0,9999.0,12.179,12.179
> 15.0,15.0,> 9999.0,9999.0,> 50.0,50.0
> 15.0,15.0,4.739,4.739,12.403,12.403
> 15.0,15.0,> 9999.0,9999.0,> 50.0,50.0
> 15.0,15.0,> 9999.0,9999.0,> 50.0,50.0
> 15.0,15.0,> 9999.0,9999.0,> 50.0,50.0
> 15.0,15.0,2.91,2.91,5.899,5.899
> 15.0,15.0,> 9999.0,9999.0,> 50.0,50.0
14.577,14.577,> 9999.0,9999.0,7.665,7.665
> 15.0,15.0,> 15.0,15.0,> 50.0,50.0
> 15.0,15.0,> 15.0,15.0,4.349,4.349
> 15.0,15.0,> 9999.0,9999.0,7.778,7.778
> 15.0,15.0,3.836,3.836,8.269,8.269
> 15.0,15.0,> 9999.0,9999.0,21.862,21.862
> 15.0,15.0,3.566,3.566,8.785,8.785
> 15.0,15.0,> 9999.0,9999.0,0.845,0.845
> 15.0,15.0,> 9999.0,9999.0,12.797,12.797
> 15.0,15.0,> 9999.0,9999.0,> 50.0,50.0
> 15.0,15.0,> 9999.0,9999.0,9.352,9.352
> 15.0,15.0,> 9999.0,9999.0,> 50.0,50.0
> 15.0,15.0,> 9999.0,9999.0,0.775,0.775
> 15.0,15.0,> 9999.0,9999.0,2.667,2.667
> 15.0,15.0,> 9999.0,9999.0,> 50.0,50.0
> 15.0,15.0,> 9999.0,9999.0,6.181,6.181
> 15.0,15.0,> 9999.0,9999.0,11.62,11.62
> 15.0,15.0,2.457,2.457,1.307,1.307
> 15.0,15.0,> 9999.0,9999.0,38.372,38.372
> 15.0,15.0,> 9999.0,9999.0,9.819,9.819
> 15.0,15.0,> 9999.0,9999.0,> 50.0,50.0
> 15.0,15.0,> 9999.0,9999.0,3.353,3.353
> 15.0,15.0,> 9999.0,9999.0,13.829,13.829
> 15.0,15.0,> 9999.0,9999.0,12.038,12.038
> 15.0,15.0,> 9999.0,9999.0,13.564,13.564
> 15.0,15.0,> 9999.0,9999.0,> 50.0,50.0
> 15.0,15.0,5.147,5.147,10.166,10.166
> 15.0,15.0,> 9999.0,9999.0,1.102,1.102
> 15.0,15.0,> 9999.0,9999.0,> 50.0,50.0
5.833,5.833,> 9999.0,9999.0,20.097,20.097
> 15.0,15.0,> 9999.0,9999.0,> 50.0,50.0
> 15.0,15.0,> 9999.0,9999.0,> 50.0,50.0
> 15.0,15.0,> 9999.0,9999.0,> 50.0,50.0
> 15.0,15.0,> 9999.0,9999.0,3.257,3.257
> 15.0,15.0,> 9999.0,9999.0,1.3,1.3
> 15.0,15.0,12.006,12.006,5.901,5.901
10.018,10.018,> 9999.0,9999.0,> 50.0,50.0
> 15.0,15.0,> 15.0,15.0,9.02,9.02
> 15.0,15.0,> 9999.0,9999.0,19.434,19.434
> 15.0,15.0,> 9999.0,9999.0,6.715,6.715
> 15.0,15.0,> 9999.0,9999.0,> 50.0,50.0
> 15.0,15.0,> 9999.0,9999.0,0.677,0.677
> 15.0,15.0,> 9999.0,9999.0,6.751,6.751
> 15.0,15.0,> 9999.0,9999.0,2.871,2.871
> 15.0,15.0,> 9999.0,9999.0,> 50.0,50.0
> 15.0,15.0,> 9999.0,9999.0,> 50.0,50.0
> 15.0,15.0,> 9999.0,9999.0,> 50.0,50.0
> 15.0,15.0,> 9999.0,9999.0,> 50.0,50.0
> 15.0,15.0,3.778,3.778,3.018,3.018
> 15.0,15.0,> 9999.0,9999.0,6.45,6.45
> 15.0,15.0,> 9999.0,9999.0,> 50.0,50.0
> 15.0,15.0,> 15.0,15.0,2.866,2.866
7.86,7.86,> 9999.0,9999.0,6.488,6.488
> 15.0,15.0,> 15.0,15.0,10.708,10.708
> 15.0,15.0,> 9999.0,9999.0,> 50.0,50.0
> 15.0,15.0,> 9999.0,9999.0,37.924,37.924
> 15.0,15.0,> 9999.0,9999.0,1.722,1.722
> 15.0,15.0,> 9999.0,9999.0,2.488,2.488
> 15.0,15.0,> 9999.0,9999.0,0.423,0.423
> 15.0,15.0,> 9999.0,9999.0,26.27,26.27
> 7.5,7.5,> 9999.0,9999.0,> 50.0,50.0
> 15.0,15.0,9.538,9.538,4.868,4.868
> 15.0,15.0,> 9999.0,9999.0,24.056,24.056
> 15.0,15.0,> 9999.0,9999.0,> 50.0,50.0
> 15.0,15.0,> 9999.0,9999.0,> 50.0,50.0
> 15.0,15.0,> 9999.0,9999.0,6.813,6.813
> 15.0,15.0,> 9999.0,9999.0,0.37,0.37
> 15.0,15.0,> 9999.0,9999.0,2.639,2.639
> 15.0,15.0,> 9999.0,9999.0,0.5,0.5
> 15.0,15.0,> 9999.0,9999.0,13.349,13.349
> 15.0,15.0,> 9999.0,9999.0,5.961,5.961
> 15.0,15.0,> 9999.0,9999.0,> 50.0,50.0
> 15.0,15.0,< 0.029,0.029,4.315,4.315
> 15.0,15.0,> 9999.0,9999.0,> 50.0,50.0
> 15.0,15.0,> 9999.0,9999.0,14.516,14.516
> 15.0,15.0,> 9999.0,9999.0,4.474,4.474
3.537,3.537,> 9999.0,9999.0,11.032,11.032
> 15.0,15.0,11.181,11.181,5.735,5.735
> 15.0,15.0,> 9999.0,9999.0,3.707,3.707
> 15.0,15.0,> 9999.0,9999.0,> 50.0,50.0
> 15.0,15.0,> 9999.0,9999.0,> 50.0,50.0
> 15.0,15.0,> 9999.0,9999.0,13.969,13.969
> 15.0,15.0,> 9999.0,9999.0,< 0.1,0.1
> 15.0,15.0,> 9999.0,9999.0,3.982,3.982
> 15.0,15.0,> 9999.0,9999.0,13.662,13.662
> 15.0,15.0,> 9999.0,9999.0,6.355,6.355
9.019,9.019,> 9999.0,9999.0,3.795,3.795
> 15.0,15.0,> 9999.0,9999.0,1.202,1.202
> 15.0,15.0,12.918,12.918,10.773,10.773
10.305,10.305,9.576,9.576,5.611,5.611
10.485,10.485,> 15.0,15.0,6.376,6.376
> 15.0,15.0,> 9999.0,9999.0,> 50.0,50.0
> 15.0,15.0,> 9999.0,9999.0,15.513,15.513
> 15.0,15.0,> 9999.0,9999.0,1.945,1.945
> 15.0,15.0,> 15.0,15.0,1.501,1.501
> 15.0,15.0,> 9999.0,9999.0,3.3,3.3
> 15.0,15.0,> 9999.0,9999.0,8.564,8.564
> 15.0,15.0,4.473,4.473,11.453,11.453
> 15.0,15.0,> 9999.0,9999.0,3.039,3.039
> 15.0,15.0,9.251,9.251,4.434,4.434
> 15.0,15.0,> 9999.0,9999.0,6.887,6.887
> 15.0,15.0,> 15.0,15.0,3.8,3.8
> 15.0,15.0,> 9999.0,9999.0,4.739,4.739
13.925,13.925,> 9999.0,9999.0,3.43,3.43
> 15.0,15.0,> 9999.0,9999.0,6.401,6.401
> 15.0,15.0,8.076,8.076,6.644,6.644
> 15.0,15.0,> 9999.0,9999.0,1.696,1.696
> 15.0,15.0,> 9999.0,9999.0,1.398,1.398
> 15.0,15.0,3.64,3.64,< 0.098,0.098
> 15.0,15.0,> 9999.0,9999.0,0.852,0.852
> 15.0,15.0,> 9999.0,9999.0,4.513,4.513
> 15.0,15.0,> 9999.0,9999.0,12.062,12.062
> 15.0,15.0,> 9999.0,9999.0,2.069,2.069
> 15.0,15.0,> 9999.0,9999.0,17.177,17.177
> 15.0,15.0,> 9999.0,9999.0,12.16,12.16
> 15.0,15.0,> 9999.0,9999.0,11.829,11.829
> 15.0,15.0,> 9999.0,9999.0,0.859,0.859
> 15.0,15.0,10.445,10.445,1.702,1.702
> 15.0,15.0,> 15.0,15.0,< 0.098,0.098
> 15.0,15.0,> 9999.0,9999.0,0.637,0.637
> 15.0,15.0,> 9999.0,9999.0,1.647,1.647
> 15.0,15.0,> 9999.0,9999.0,> 50.0,50.0
> 15.0,15.0,> 9999.0,9999.0,0.878,0.878
> 15.0,15.0,2.608,2.608,2.213,2.213
> 15.0,15.0,7.666,7.666,6.321,6.321
> 15.0,15.0,11.731,11.731,8.317,8.317
> 15.0,15.0,> 9999.0,9999.0,3.467,3.467
> 15.0,15.0,2.338,2.338,9.894,9.894
4.412,4.412,> 9999.0,9999.0,6.596,6.596
> 15.0,15.0,> 15.0,15.0,12.53,12.53
> 15.0,15.0,1.26,1.26,0.54,0.54
> 15.0,15.0,> 15.0,15.0,0.392,0.392
> 15.0,15.0,> 9999.0,9999.0,2.09,2.09
> 15.0,15.0,> 15.0,15.0,0.823,0.823
> 15.0,15.0,> 9999.0,9999.0,1.702,1.702
> 15.0,15.0,> 9999.0,9999.0,> 50.0,50.0
> 15.0,15.0,> 9999.0,9999.0,> 50.0,50.0
> 15.0,15.0,1.486,1.486,3.233,3.233
> 15.0,15.0,> 9999.0,9999.0,2.55,2.55
> 15.0,15.0,1.051,1.051,2.255,2.255
12.653,12.653,> 9999.0,9999.0,3.454,3.454
> 15.0,15.0,> 9999.0,9999.0,11.284,11.284
> 15.0,15.0,0.538,0.538,< 0.098,0.098
> 15.0,15.0,> 9999.0,9999.0,0.64,0.64
> 15.0,15.0,10.052,10.052,1.027,1.027
> 15.0,15.0,> 9999.0,9999.0,0.659,0.659
> 15.0,15.0,3.97,3.97,6.328,6.328
> 15.0,15.0,2.412,2.412,5.262,5.262
6.615,6.615,> 9999.0,9999.0,2.323,2.323
> 15.0,15.0,0.804,0.804,1.358,1.358
9.525,9.525,> 9999.0,9999.0,1.628,1.628
> 15.0,15.0,> 15.0,15.0,1.736,1.736
> 15.0,15.0,> 9999.0,9999.0,3.949,3.949
5.673,5.673,> 9999.0,9999.0,2.493,2.493
> 15.0,15.0,> 9999.0,9999.0,1.558,1.558
> 15.0,15.0,> 15.0,15.0,0.96,0.96
> 15.0,15.0,> 9999.0,9999.0,2.634,2.634
> 15.0,15.0,> 9999.0,9999.0,< 0.098,0.098
> 15.0,15.0,6.08,6.08,9.136,9.136
12.871,12.871,> 9999.0,9999.0,3.29,3.29
> 15.0,15.0,> 9999.0,9999.0,2.266,2.266
> 15.0,15.0,1.898,1.898,2.092,2.092
> 15.0,15.0,> 9999.0,9999.0,1.029,1.029
> 15.0,15.0,> 9999.0,9999.0,7.057,7.057
> 15.0,15.0,3.424,3.424,3.535,3.535
> 15.0,15.0,> 9999.0,9999.0,3.924,3.924
> 15.0,15.0,2.463,2.463,3.011,3.011
> 15.0,15.0,> 9999.0,9999.0,8.871,8.871
> 15.0,15.0,0.583,0.583,1.342,1.342
> 15.0,15.0,> 9999.0,9999.0,< 0.098,0.098
> 15.0,15.0,13.999,13.999,1.628,1.628
8.46,8.46,> 9999.0,9999.0,1.952,1.952
> 15.0,15.0,5.293,5.293,25.101,25.101
> 15.0,15.0,2.251,2.251,3.959,3.959
> 15.0,15.0,12.026,12.026,1.518,1.518
> 15.0,15.0,> 9999.0,9999.0,1.757,1.757
> 15.0,15.0,> 9999.0,9999.0,3.922,3.922
> 15.0,15.0,> 9999.0,9999.0,6.04,6.04
> 15.0,15.0,> 9999.0,9999.0,5.1,5.1
> 15.0,15.0,> 9999.0,9999.0,3.347,3.347
> 15.0,15.0,> 9999.0,9999.0,0.794,0.794
> 15.0,15.0,> 15.0,15.0,16.38,16.38
> 15.0,15.0,8.503,8.503,2.097,2.097
> 15.0,15.0,> 15.0,15.0,3.762,3.762
> 15.0,15.0,> 9999.0,9999.0,37.233,37.233
> 15.0,15.0,> 9999.0,9999.0,> 50.0,50.0
> 15.0,15.0,> 9999.0,9999.0,3.822,3.822
> 15.0,15.0,> 9999.0,9999.0,13.038,13.038
> 15.0,15.0,> 9999.0,9999.0,> 50.0,50.0
> 15.0,15.0,> 9999.0,9999.0,1.782,1.782
> 15.0,15.0,> 9999.0,9999.0,> 50.0,50.0
> 15.0,15.0,> 9999.0,9999.0,> 50.0,50.0
> 15.0,15.0,> 9999.0,9999.0,> 50.0,50.0
> 15.0,15.0,2.764,2.764,6.043,6.043
> 15.0,15.0,> 9999.0,9999.0,3.462,3.462
> 15.0,15.0,> 9999.0,9999.0,> 50.0,50.0
> 15.0,15.0,> 15.0,15.0,15.234,15.234
> 15.0,15.0,> 9999.0,9999.0,> 50.0,50.0
> 15.0,15.0,> 9999.0,9999.0,12.548,12.548
> 15.0,15.0,> 9999.0,9999.0,5.635,5.635
> 15.0,15.0,> 9999.0,9999.0,0.817,0.817
> 15.0,15.0,> 9999.0,9999.0,1.845,1.845
> 15.0,15.0,> 9999.0,9999.0,6.164,6.164
> 15.0,15.0,> 9999.0,9999.0,11.12,11.12
> 15.0,15.0,> 9999.0,9999.0,7.36,7.36
> 15.0,15.0,> 9999.0,9999.0,11.438,11.438
> 15.0,15.0,> 9999.0,9999.0,4.903,4.903
> 15.0,15.0,> 9999.0,9999.0,0.307,0.307
> 15.0,15.0,> 9999.0,9999.0,3.038,3.038
> 15.0,15.0,> 9999.0,9999.0,5.299,5.299
> 15.0,15.0,> 9999.0,9999.0,> 50.0,50.0
> 15.0,15.0,8.705,8.705,13.902,13.902
> 15.0,15.0,> 9999.0,9999.0,1.293,1.293
> 15.0,15.0,> 9999.0,9999.0,> 50.0,50.0
> 15.0,15.0,> 9999.0,9999.0,> 50.0,50.0
> 15.0,15.0,> 9999.0,9999.0,0.422,0.422
> 15.0,15.0,> 9999.0,9999.0,0.217,0.217
> 15.0,15.0,> 15.0,15.0,23.971,23.971
> 15.0,15.0,> 9999.0,9999.0,4.294,4.294
> 15.0,15.0,> 9999.0,9999.0,3,3.0
> 15.0,15.0,> 9999.0,9999.0,4.603,4.603
> 15.0,15.0,> 9999.0,9999.0,3.083,3.083
> 15.0,15.0,> 9999.0,9999.0,> 50.0,50.0
> 15.0,15.0,> 9999.0,9999.0,27.533,27.533
> 15.0,15.0,> 9999.0,9999.0,> 50.0,50.0
> 15.0,15.0,> 9999.0,9999.0,1.757,1.757
> 15.0,15.0,> 9999.0,9999.0,3.319,3.319
> 15.0,15.0,> 9999.0,9999.0,0.441,0.441
> 15.0,15.0,> 9999.0,9999.0,5.135,5.135
> 15.0,15.0,8.419,8.419,5.955,5.955
> 15.0,15.0,> 9999.0,9999.0,0.817,0.817
> 15.0,15.0,> 9999.0,9999.0,9.275,9.275
> 15.0,15.0,> 9999.0,9999.0,5.241,5.241
> 15.0,15.0,> 9999.0,9999.0,21.253,21.253
> 15.0,15.0,5.908,5.908,6.557,6.557
> 15.0,15.0,> 9999.0,9999.0,3.386,3.386
> 15.0,15.0,> 9999.0,9999.0,6.751,6.751
> 15.0,15.0,> 9999.0,9999.0,3.978,3.978
> 15.0,15.0,> 9999.0,9999.0,9.063,9.063
> 15.0,15.0,> 9999.0,9999.0,3.401,3.401
> 15.0,15.0,6.135,6.135,9.674,9.674
> 15.0,15.0,4.389,4.389,8.35,8.35
> 15.0,15.0,> 9999.0,9999.0,10.997,10.997
> 15.0,15.0,4.452,4.452,5.282,5.282
> 15.0,15.0,4.127,4.127,6.146,6.146
> 15.0,15.0,> 9999.0,9999.0,13.53,13.53
> 15.0,15.0,11.339,11.339,11.8,11.8
> 15.0,15.0,> 9999.0,9999.0,> 50.0,50.0
> 15.0,15.0,> 9999.0,9999.0,> 50.0,50.0
> 15.0,15.0,4.453,4.453,3.96,3.96
> 15.0,15.0,> 9999.0,9999.0,3.502,3.502
> 15.0,15.0,> 9999.0,9999.0,1.745,1.745
> 15.0,15.0,0.353,0.353,4.294,4.294
> 15.0,15.0,> 9999.0,9999.0,> 50.0,50.0
> 15.0,15.0,> 9999.0,9999.0,4.542,4.542
> 15.0,15.0,0.743,0.743,13.884,13.884
> 15.0,15.0,14.433,14.433,10.158,10.158
> 15.0,15.0,> 9999.0,9999.0,5.18,5.18
> 7.5,7.5,9.15,9.15,3.504,3.504
> 15.0,15.0,> 9999.0,9999.0,0.633,0.633
> 15.0,15.0,> 9999.0,9999.0,0.18,0.18
> 15.0,15.0,> 9999.0,9999.0,> 50.0,50.0
> 15.0,15.0,> 9999.0,9999.0,1.497,1.497
> 15.0,15.0,> 15.0,15.0,4.527,4.527
> 15.0,15.0,7.362,7.362,1.021,1.021
> 15.0,15.0,> 9999.0,9999.0,0.299,0.299
> 15.0,15.0,> 9999.0,9999.0,< 0.098,0.098
> 15.0,15.0,> 9999.0,9999.0,0.424,0.424
> 15.0,15.0,7.226,7.226,7.393,7.393
> 7.5,7.5,> 9999.0,9999.0,9.619,9.619
> 15.0,15.0,> 9999.0,9999.0,5.439,5.439
1.2,1.2,> 9999.0,9999.0,0.838,0.838
> 15.0,15.0,> 9999.0,9999.0,0.197,0.197
> 15.0,15.0,> 9999.0,9999.0,6.946,6.946
> 15.0,15.0,> 9999.0,9999.0,2.403,2.403
> 15.0,15.0,> 15.0,15.0,0.833,0.833
> 15.0,15.0,> 9999.0,9999.0,6.558,6.558
> 15.0,15.0,> 9999.0,9999.0,3.73,3.73
> 15.0,15.0,9.994,9.994,7.694,7.694
> 15.0,15.0,> 9999.0,9999.0,1.002,1.002
> 15.0,15.0,> 9999.0,9999.0,1.67,1.67
> 15.0,15.0,> 9999.0,9999.0,> 50.0,50.0
> 15.0,15.0,> 9999.0,9999.0,< 0.098,0.098
> 15.0,15.0,> 9999.0,9999.0,7.368,7.368
1.786,1.786,> 9999.0,9999.0,> 50.0,50.0
> 15.0,15.0,2.018,2.018,5.025,5.025
> 15.0,15.0,> 9999.0,9999.0,2.177,2.177
> 15.0,15.0,> 9999.0,9999.0,0.295,0.295
> 15.0,15.0,> 9999.0,9999.0,4.484,4.484
> 15.0,15.0,> 9999.0,9999.0,3.432,3.432
> 15.0,15.0,> 9999.0,9999.0,3.369,3.369
> 15.0,15.0,2.253,2.253,> 50.0,50.0
> 15.0,15.0,> 9999.0,9999.0,0.287,0.287
> 15.0,15.0,> 9999.0,9999.0,11.55,11.55
> 15.0,15.0,> 9999.0,9999.0,6.185,6.185
1.869,1.869,> 9999.0,9999.0,0.209,0.209
> 15.0,15.0,> 9999.0,9999.0,1.448,1.448
> 15.0,15.0,> 9999.0,9999.0,10.698,10.698
> 15.0,15.0,> 9999.0,9999.0,> 50.0,50.0
> 15.0,15.0,> 9999.0,9999.0,0.521,0.521
> 15.0,15.0,> 9999.0,9999.0,> 50.0,50.0
> 15.0,15.0,> 9999.0,9999.0,12.978,12.978
> 15.0,15.0,> 9999.0,9999.0,2.948,2.948
> 15.0,15.0,> 9999.0,9999.0,0.946,0.946
> 15.0,15.0,> 9999.0,9999.0,7.256,7.256
> 15.0,15.0,> 9999.0,9999.0,1.353,1.353
> 15.0,15.0,> 9999.0,9999.0,2.559,2.559
> 15.0,15.0,> 9999.0,9999.0,5.765,5.765
> 15.0,15.0,> 9999.0,9999.0,12.748,12.748
> 15.0,15.0,> 9999.0,9999.0,3.259,3.259
4.135,4.135,1.281,1.281,0.986,0.986
> 15.0,15.0,> 9999.0,9999.0,7.25,7.25
> 15.0,15.0,> 9999.0,9999.0,3.042,3.042
> 15.0,15.0,> 9999.0,9999.0,19.302,19.302
> 15.0,15.0,> 9999.0,9999.0,0.352,0.352
> 15.0,15.0,3.163,3.163,9.457,9.457
> 15.0,15.0,> 15.0,15.0,4.881,4.881
> 15.0,15.0,> 9999.0,9999.0,4.045,4.045
> 15.0,15.0,> 9999.0,9999.0,2.467,2.467
> 15.0,15.0,> 9999.0,9999.0,5.63,5.63
> 15.0,15.0,> 9999.0,9999.0,< 0.098,0.098
> 15.0,15.0,9.228,9.228,3.281,3.281
> 15.0,15.0,> 15.0,15.0,1.035,1.035
> 15.0,15.0,10.246,10.246,2.308,2.308
> 15.0,15.0,> 9999.0,9999.0,6.501,6.501
> 15.0,15.0,> 9999.0,9999.0,8.127,8.127
> 15.0,15.0,> 9999.0,9999.0,2.572,2.572
> 15.0,15.0,> 9999.0,9999.0,4.85,4.85
> 15.0,15.0,> 9999.0,9999.0,> 50.0,50.0
> 15.0,15.0,> 15.0,15.0,24.276,24.276
> 15.0,15.0,> 9999.0,9999.0,1.161,1.161
> 15.0,15.0,> 9999.0,9999.0,3.094,3.094
> 15.0,15.0,> 9999.0,9999.0,2.783,2.783
> 15.0,15.0,4.147,4.147,1.691,1.691
> 15.0,15.0,3.125,3.125,4.854,4.854
> 15.0,15.0,> 9999.0,9999.0,2.863,2.863
> 15.0,15.0,> 15.0,15.0,1.039,1.039
> 15.0,15.0,6.529,6.529,8.515,8.515
> 15.0,15.0,> 9999.0,9999.0,3.054,3.054
> 15.0,15.0,11.691,11.691,13.333,13.333
> 15.0,15.0,> 9999.0,9999.0,5.127,5.127
> 15.0,15.0,> 9999.0,9999.0,1.343,1.343
> 15.0,15.0,> 15.0,15.0,3.022,3.022
> 15.0,15.0,> 9999.0,9999.0,7.776,7.776
> 15.0,15.0,12.514,12.514,5.016,5.016
> 15.0,15.0,10.019,10.019,1.671,1.671
> 15.0,15.0,1.848,1.848,26.776,26.776
> 15.0,15.0,> 15.0,15.0,5.664,5.664
> 15.0,15.0,7.207,7.207,7.255,7.255
> 15.0,15.0,6.993,6.993,5.047,5.047
> 15.0,15.0,7.402,7.402,8.774,8.774
> 15.0,15.0,> 9999.0,9999.0,11.053,11.053
> 15.0,15.0,> 15.0,15.0,1.577,1.577
> 15.0,15.0,5.044,5.044,2.19,2.19
> 15.0,15.0,> 9999.0,9999.0,16.823,16.823
> 15.0,15.0,> 9999.0,9999.0,1.632,1.632
> 15.0,15.0,> 15.0,15.0,4.358,4.358
> 15.0,15.0,> 9999.0,9999.0,0.19,0.19
> 15.0,15.0,> 9999.0,9999.0,10.307,10.307
> 15.0,15.0,> 9999.0,9999.0,5.513,5.513
> 15.0,15.0,> 9999.0,9999.0,5.928,5.928
> 15.0,15.0,> 15.0,15.0,10.267,10.267
> 15.0,15.0,> 9999.0,9999.0,> 50.0,50.0
> 15.0,15.0,> 9999.0,9999.0,0.203,0.203
> 15.0,15.0,> 9999.0,9999.0,2.575,2.575
> 15.0,15.0,> 15.0,15.0,9.969,9.969
> 15.0,15.0,> 9999.0,9999.0,5.745,5.745
> 15.0,15.0,> 9999.0,9999.0,10.274,10.274
> 15.0,15.0,> 9999.0,9999.0,3.161,3.161
> 15.0,15.0,> 9999.0,9999.0,1.507,1.507
> 15.0,15.0,7.39,7.39,2.516,2.516
> 15.0,15.0,> 9999.0,9999.0,0.199,0.199
> 15.0,15.0,11.585,11.585,1.422,1.422
> 15.0,15.0,10.361,10.361,5.341,5.341
> 15.0,15.0,> 9999.0,9999.0,0.33,0.33
> 15.0,15.0,> 9999.0,9999.0,15.01,15.01
> 15.0,15.0,> 9999.0,9999.0,10.701,10.701
> 15.0,15.0,11.127,11.127,2.529,2.529
> 15.0,15.0,> 9999.0,9999.0,3.196,3.196
> 15.0,15.0,> 9999.0,9999.0,19.759,19.759
> 15.0,15.0,> 9999.0,9999.0,11.44,11.44
> 15.0,15.0,> 9999.0,9999.0,4.902,4.902
> 15.0,15.0,> 9999.0,9999.0,8.942,8.942
> 15.0,15.0,> 9999.0,9999.0,1.536,1.536
> 15.0,15.0,> 15.0,15.0,5.097,5.097
> 15.0,15.0,> 9999.0,9999.0,0.268,0.268
> 15.0,15.0,> 9999.0,9999.0,> 50.0,50.0
7.742,7.742,> 9999.0,9999.0,1.846,1.846
> 15.0,15.0,> 9999.0,9999.0,0.401,0.401
> 15.0,15.0,> 9999.0,9999.0,1.949,1.949
> 15.0,15.0,12.562,12.562,0.409,0.409
> 15.0,15.0,> 9999.0,9999.0,> 50.0,50.0
> 15.0,15.0,> 9999.0,9999.0,3.737,3.737
> 15.0,15.0,> 9999.0,9999.0,> 50.0,50.0
> 15.0,15.0,6.509,6.509,5.963,5.963
> 15.0,15.0,> 9999.0,9999.0,> 50.0,50.0
> 15.0,15.0,> 9999.0,9999.0,6.286,6.286
> 15.0,15.0,> 9999.0,9999.0,0.886,0.886
> 15.0,15.0,> 9999.0,9999.0,> 50.0,50.0
> 15.0,15.0,> 9999.0,9999.0,0.795,0.795
> 15.0,15.0,> 9999.0,9999.0,6.412,6.412
> 15.0,15.0,> 9999.0,9999.0,7.565,7.565
> 15.0,15.0,4.296,4.296,4.016,4.016
> 15.0,15.0,> 9999.0,9999.0,4.041,4.041
> 15.0,15.0,> 9999.0,9999.0,0.207,0.207
> 15.0,15.0,> 9999.0,9999.0,1.173,1.173
> 15.0,15.0,> 9999.0,9999.0,0.468,0.468
> 15.0,15.0,> 9999.0,9999.0,9.073,9.073
> 15.0,15.0,> 9999.0,9999.0,0.209,0.209
> 15.0,15.0,> 9999.0,9999.0,> 50.0,50.0
> 15.0,15.0,> 9999.0,9999.0,6.101,6.101
> 15.0,15.0,11.482,11.482,8.454,8.454
> 15.0,15.0,> 9999.0,9999.0,< 0.1,0.1
> 15.0,15.0,> 9999.0,9999.0,6.075,6.075
> 15.0,15.0,> 15.0,15.0,2.64,2.64
> 15.0,15.0,> 9999.0,9999.0,1.372,1.372
> 15.0,15.0,9.578,9.578,2.967,2.967
> 15.0,15.0,7.069,7.069,> 50.0,50.0
> 15.0,15.0,> 9999.0,9999.0,> 50.0,50.0
> 15.0,15.0,> 9999.0,9999.0,> 50.0,50.0
> 15.0,15.0,> 9999.0,9999.0,21.658,21.658
> 15.0,15.0,> 9999.0,9999.0,> 50.0,50.0
> 15.0,15.0,> 9999.0,9999.0,0.259,0.259
> 15.0,15.0,3.65,3.65,9.593,9.593
> 15.0,15.0,> 15.0,15.0,2.485,2.485
> 15.0,15.0,2.433,2.433,3.173,3.173
> 15.0,15.0,3.934,3.934,3.421,3.421
> 15.0,15.0,> 9999.0,9999.0,3.402,3.402
> 15.0,15.0,> 9999.0,9999.0,0.848,0.848
> 15.0,15.0,5.101,5.101,11.36,11.36
> 15.0,15.0,7.029,7.029,4.181,4.181
> 15.0,15.0,6.339,6.339,4.441,4.441
> 15.0,15.0,> 9999.0,9999.0,2.778,2.778
> 15.0,15.0,> 9999.0,9999.0,13.109,13.109
> 15.0,15.0,> 9999.0,9999.0,7.334,7.334
> 15.0,15.0,> 9999.0,9999.0,> 50.0,50.0
> 15.0,15.0,> 15.0,15.0,5.985,5.985
> 15.0,15.0,> 9999.0,9999.0,< 0.1,0.1
> 15.0,15.0,> 9999.0,9999.0,8.518,8.518
6.36,6.36,4.603,4.603,3.443,3.443
> 15.0,15.0,> 15.0,15.0,< 0.098,0.098
> 15.0,15.0,> 9999.0,9999.0,0.773,0.773
> 15.0,15.0,12.064,12.064,2.611,2.611
> 15.0,15.0,> 15.0,15.0,6.433,6.433
> 15.0,15.0,1.572,1.572,6.078,6.078
> 15.0,15.0,9.891,9.891,1.709,1.709
> 15.0,15.0,> 9999.0,9999.0,4.656,4.656
> 15.0,15.0,> 9999.0,9999.0,11.175,11.175
> 15.0,15.0,> 9999.0,9999.0,6.137,6.137
> 15.0,15.0,> 9999.0,9999.0,0.88,0.88
> 15.0,15.0,> 9999.0,9999.0,9.305,9.305
> 15.0,15.0,1.994,1.994,1.531,1.531
> 15.0,15.0,> 9999.0,9999.0,10.574,10.574
5.157,5.157,1.832,1.832,1.311,1.311
> 15.0,15.0,> 9999.0,9999.0,1.664,1.664
> 15.0,15.0,> 9999.0,9999.0,> 50.0,50.0
> 15.0,15.0,> 9999.0,9999.0,> 50.0,50.0
> 15.0,15.0,> 9999.0,9999.0,1.51,1.51
> 15.0,15.0,> 9999.0,9999.0,0.859,0.859
> 15.0,15.0,> 9999.0,9999.0,0.713,0.713
> 15.0,15.0,> 9999.0,9999.0,> 50.0,50.0
> 15.0,15.0,> 9999.0,9999.0,4.003,4.003
> 15.0,15.0,> 9999.0,9999.0,> 50.0,50.0
> 15.0,15.0,> 9999.0,9999.0,6.591,6.591
> 15.0,15.0,> 9999.0,9999.0,6.134,6.134
> 15.0,15.0,> 9999.0,9999.0,5.985,5.985
> 15.0,15.0,2.086,2.086,5.249,5.249
> 15.0,15.0,> 9999.0,9999.0,23.549,23.549
> 15.0,15.0,> 9999.0,9999.0,7.702,7.702
> 15.0,15.0,> 9999.0,9999.0,3.179,3.179
> 15.0,15.0,> 9999.0,9999.0,0.448,0.448
> 15.0,15.0,> 9999.0,9999.0,33.324,33.324
> 15.0,15.0,> 15.0,15.0,3.078,3.078
> 15.0,15.0,> 9999.0,9999.0,10.432,10.432
> 15.0,15.0,> 9999.0,9999.0,0.467,0.467
> 15.0,15.0,> 9999.0,9999.0,5.078,5.078
> 15.0,15.0,> 9999.0,9999.0,10.201,10.201
7.435,7.435,> 9999.0,9999.0,4.164,4.164
> 15.0,15.0,> 15.0,15.0,17.759,17.759
> 15.0,15.0,10.236,10.236,3.192,3.192
> 15.0,15.0,> 9999.0,9999.0,15.182,15.182
> 15.0,15.0,> 9999.0,9999.0,13.633,13.633
> 15.0,15.0,> 9999.0,9999.0,2.908,2.908
> 15.0,15.0,> 15.0,15.0,1.4,1.4
> 15.0,15.0,> 9999.0,9999.0,0.207,0.207
> 15.0,15.0,> 9999.0,9999.0,3.206,3.206
> 15.0,15.0,> 9999.0,9999.0,2.892,2.892
> 15.0,15.0,> 9999.0,9999.0,13.472,13.472
> 15.0,15.0,> 9999.0,9999.0,1.407,1.407
> 15.0,15.0,> 9999.0,9999.0,< 0.098,0.098
> 15.0,15.0,> 9999.0,9999.0,5.239,5.239
> 15.0,15.0,> 9999.0,9999.0,0.381,0.381
> 15.0,15.0,> 9999.0,9999.0,0.423,0.423
2.142,2.142,6.15,6.15,11.161,11.161
> 15.0,15.0,< 0.029,0.029,> 50.0,50.0
> 15.0,15.0,> 9999.0,9999.0,1.956,1.956
> 15.0,15.0,> 9999.0,9999.0,0.311,0.311
> 15.0,15.0,> 9999.0,9999.0,> 50.0,50.0
> 15.0,15.0,> 9999.0,9999.0,> 50.0,50.0
> 15.0,15.0,> 9999.0,9999.0,32.234,32.234
> 15.0,15.0,> 9999.0,9999.0,0.282,0.282
> 15.0,15.0,> 9999.0,9999.0,6.233,6.233
> 15.0,15.0,> 9999.0,9999.0,0.508,0.508
> 15.0,15.0,> 9999.0,9999.0,1.516,1.516
4.496,4.496,> 9999.0,9999.0,39.957,39.957
> 15.0,15.0,> 9999.0,9999.0,1.186,1.186
> 15.0,15.0,> 9999.0,9999.0,2.64,2.64
> 15.0,15.0,> 9999.0,9999.0,> 50.0,50.0
> 15.0,15.0,> 9999.0,9999.0,12.633,12.633
> 15.0,15.0,10.244,10.244,13.053,13.053
> 15.0,15.0,> 9999.0,9999.0,12.56,12.56
> 15.0,15.0,> 9999.0,9999.0,8.014,8.014
> 15.0,15.0,8.752,8.752,4.159,4.159
> 15.0,15.0,5.474,5.474,2.814,2.814
> 15.0,15.0,7.504,7.504,6.442,6.442
> 15.0,15.0,> 15.0,15.0,6.915,6.915
> 15.0,15.0,10.181,10.181,12.518,12.518
> 15.0,15.0,> 9999.0,9999.0,6.766,6.766
> 15.0,15.0,> 9999.0,9999.0,21.219,21.219
> 15.0,15.0,4.414,4.414,7.723,7.723
1.313,1.313,> 9999.0,9999.0,3.425,3.425
> 15.0,15.0,> 9999.0,9999.0,3.13,3.13
> 15.0,15.0,0.834,0.834,> 50.0,50.0
> 15.0,15.0,12.138,12.138,1.51,1.51
> 15.0,15.0,> 9999.0,9999.0,5.807,5.807
> 15.0,15.0,> 9999.0,9999.0,1.703,1.703
> 15.0,15.0,> 9999.0,9999.0,1.354,1.354
> 15.0,15.0,> 9999.0,9999.0,0.944,0.944
> 15.0,15.0,> 9999.0,9999.0,3.164,3.164
> 15.0,15.0,> 9999.0,9999.0,29.009,29.009
> 15.0,15.0,> 9999.0,9999.0,> 50.0,50.0
> 15.0,15.0,> 9999.0,9999.0,> 50.0,50.0
> 15.0,15.0,> 9999.0,9999.0,29.206,29.206
> 15.0,15.0,> 9999.0,9999.0,1.146,1.146
> 15.0,15.0,> 9999.0,9999.0,> 50.0,50.0
> 15.0,15.0,12.384,12.384,3.755,3.755
> 15.0,15.0,> 15.0,15.0,3.77,3.77
> 15.0,15.0,> 9999.0,9999.0,22.08,22.08
> 15.0,15.0,6.544,6.544,5.858,5.858
> 15.0,15.0,> 9999.0,9999.0,1.608,1.608
> 15.0,15.0,> 9999.0,9999.0,> 50.0,50.0
> 15.0,15.0,> 9999.0,9999.0,> 50.0,50.0
> 15.0,15.0,> 9999.0,9999.0,> 50.0,50.0
> 15.0,15.0,> 9999.0,9999.0,< 0.098,0.098
> 15.0,15.0,13.035,13.035,0.983,0.983
> 15.0,15.0,> 9999.0,9999.0,5.654,5.654
> 15.0,15.0,> 9999.0,9999.0,0.409,0.409
> 15.0,15.0,> 9999.0,9999.0,38.065,38.065
> 15.0,15.0,> 9999.0,9999.0,3.366,3.366
3.509,3.509,> 9999.0,9999.0,21.666,21.666
> 15.0,15.0,> 9999.0,9999.0,0.872,0.872
> 15.0,15.0,> 9999.0,9999.0,24.676,24.676
> 15.0,15.0,> 15.0,15.0,19.67,19.67
> 15.0,15.0,> 9999.0,9999.0,3.501,3.501
> 15.0,15.0,> 9999.0,9999.0,5.133,5.133
> 15.0,15.0,> 9999.0,9999.0,> 50.0,50.0
> 15.0,15.0,> 9999.0,9999.0,0.548,0.548
> 15.0,15.0,> 9999.0,9999.0,0.737,0.737
> 15.0,15.0,> 15.0,15.0,5.568,5.568
8.162,8.162,> 9999.0,9999.0,13.122,13.122
> 15.0,15.0,> 9999.0,9999.0,4.213,4.213
> 15.0,15.0,4.132,4.132,0.407,0.407
> 15.0,15.0,> 9999.0,9999.0,0.434,0.434
> 15.0,15.0,> 9999.0,9999.0,0.189,0.189
> 15.0,15.0,> 9999.0,9999.0,6.958,6.958
> 15.0,15.0,> 9999.0,9999.0,6.148,6.148
> 15.0,15.0,> 9999.0,9999.0,> 50.0,50.0
> 15.0,15.0,> 9999.0,9999.0,> 50.0,50.0
> 15.0,15.0,> 9999.0,9999.0,4.916,4.916
> 15.0,15.0,> 9999.0,9999.0,7.591,7.591
> 15.0,15.0,> 9999.0,9999.0,6.156,6.156
> 15.0,15.0,> 9999.0,9999.0,12.05,12.05
> 15.0,15.0,> 9999.0,9999.0,8.376,8.376
> 15.0,15.0,> 9999.0,9999.0,3.063,3.063
> 15.0,15.0,> 9999.0,9999.0,2.839,2.839
> 15.0,15.0,> 9999.0,9999.0,1.803,1.803
> 15.0,15.0,> 9999.0,9999.0,24.921,24.921
> 15.0,15.0,> 9999.0,9999.0,5.496,5.496
> 15.0,15.0,8.008,8.008,3.376,3.376
> 15.0,15.0,> 9999.0,9999.0,0.873,0.873
> 15.0,15.0,> 9999.0,9999.0,1.036,1.036
> 15.0,15.0,> 9999.0,9999.0,> 50.0,50.0
> 15.0,15.0,> 9999.0,9999.0,> 50.0,50.0
> 15.0,15.0,> 9999.0,9999.0,3.412,3.412
> 15.0,15.0,> 9999.0,9999.0,4.5,4.5
> 15.0,15.0,> 9999.0,9999.0,< 0.098,0.098
> 15.0,15.0,> 9999.0,9999.0,> 50.0,50.0
> 15.0,15.0,> 9999.0,9999.0,2.213,2.213
> 15.0,15.0,2.624,2.624,3.313,3.313
> 15.0,15.0,> 9999.0,9999.0,3.774,3.774
> 15.0,15.0,> 9999.0,9999.0,6.627,6.627
> 15.0,15.0,> 9999.0,9999.0,> 50.0,50.0
> 15.0,15.0,> 15.0,15.0,0.409,0.409
> 15.0,15.0,> 15.0,15.0,17.48,17.48
> 15.0,15.0,> 9999.0,9999.0,7.447,7.447
> 15.0,15.0,> 15.0,15.0,6.974,6.974
> 15.0,15.0,> 9999.0,9999.0,> 50.0,50.0
> 15.0,15.0,> 9999.0,9999.0,3.283,3.283
> 15.0,15.0,> 15.0,15.0,3.266,3.266
> 15.0,15.0,> 9999.0,9999.0,2.232,2.232
> 15.0,15.0,> 9999.0,9999.0,1.379,1.379
> 15.0,15.0,> 9999.0,9999.0,2.311,2.311
> 15.0,15.0,> 9999.0,9999.0,5.477,5.477
> 15.0,15.0,> 9999.0,9999.0,2.011,2.011
> 15.0,15.0,> 9999.0,9999.0,0.101,0.101
> 15.0,15.0,> 9999.0,9999.0,0.14,0.14
> 15.0,15.0,> 9999.0,9999.0,4.816,4.816
> 15.0,15.0,> 9999.0,9999.0,13.83,13.83
> 15.0,15.0,> 9999.0,9999.0,> 50.0,50.0
> 15.0,15.0,> 9999.0,9999.0,12.278,12.278
> 15.0,15.0,> 9999.0,9999.0,9.261,9.261
> 15.0,15.0,> 15.0,15.0,2.52,2.52
> 15.0,15.0,> 9999.0,9999.0,0.132,0.132
> 15.0,15.0,> 9999.0,9999.0,0.453,0.453
> 15.0,15.0,> 9999.0,9999.0,3.072,3.072
> 15.0,15.0,> 9999.0,9999.0,0.448,0.448
> 15.0,15.0,> 9999.0,9999.0,1.095,1.095
> 15.0,15.0,> 9999.0,9999.0,2.195,2.195
> 15.0,15.0,> 9999.0,9999.0,3.29,3.29
> 15.0,15.0,> 9999.0,9999.0,0.128,0.128
> 15.0,15.0,12.804,12.804,1.992,1.992
> 15.0,15.0,> 9999.0,9999.0,1.572,1.572
> 15.0,15.0,> 15.0,15.0,6.81,6.81
> 15.0,15.0,> 9999.0,9999.0,> 50.0,50.0
> 15.0,15.0,> 9999.0,9999.0,> 50.0,50.0
> 15.0,15.0,> 9999.0,9999.0,9.533,9.533
> 15.0,15.0,> 9999.0,9999.0,5.386,5.386
> 15.0,15.0,> 9999.0,9999.0,> 50.0,50.0
> 15.0,15.0,> 15.0,15.0,0.466,0.466
> 15.0,15.0,> 9999.0,9999.0,2.268,2.268
> 15.0,15.0,> 9999.0,9999.0,6.877,6.877
> 15.0,15.0,4.308,4.308,5.785,5.785
> 15.0,15.0,> 9999.0,9999.0,23.414,23.414
2.021,2.021,1.098,1.098,13.894,13.894
> 15.0,15.0,> 9999.0,9999.0,> 50.0,50.0
> 15.0,15.0,> 9999.0,9999.0,6.528,6.528
> 15.0,15.0,> 9999.0,9999.0,4.518,4.518
> 15.0,15.0,> 9999.0,9999.0,3.29,3.29
> 15.0,15.0,> 9999.0,9999.0,> 50.0,50.0
> 15.0,15.0,> 15.0,15.0,12.479,12.479
> 15.0,15.0,> 9999.0,9999.0,1.738,1.738
> 15.0,15.0,> 9999.0,9999.0,4.407,4.407
> 15.0,15.0,> 9999.0,9999.0,5.508,5.508
> 15.0,15.0,> 15.0,15.0,2.317,2.317
> 15.0,15.0,> 9999.0,9999.0,23.604,23.604
> 15.0,15.0,6.977,6.977,20.708,20.708
> 15.0,15.0,> 9999.0,9999.0,27.697,27.697
> 15.0,15.0,> 9999.0,9999.0,> 50.0,50.0
> 15.0,15.0,5.673,5.673,9.794,9.794
> 15.0,15.0,> 9999.0,9999.0,12.405,12.405
> 15.0,15.0,> 9999.0,9999.0,> 50.0,50.0
> 15.0,15.0,> 9999.0,9999.0,5.969,5.969
> 15.0,15.0,> 9999.0,9999.0,25.337,25.337
> 15.0,15.0,> 9999.0,9999.0,> 50.0,50.0
> 15.0,15.0,> 9999.0,9999.0,0.317,0.317
> 15.0,15.0,> 9999.0,9999.0,3.475,3.475
> 15.0,15.0,> 9999.0,9999.0,0.799,0.799
> 15.0,15.0,> 9999.0,9999.0,1.194,1.194
> 15.0,15.0,> 9999.0,9999.0,2.215,2.215
> 15.0,15.0,> 9999.0,9999.0,10.52,10.52
> 15.0,15.0,> 9999.0,9999.0,13.108,13.108
> 15.0,15.0,> 9999.0,9999.0,13.342,13.342
> 15.0,15.0,> 9999.0,9999.0,12.982,12.982
> 15.0,15.0,> 9999.0,9999.0,> 50.0,50.0
> 15.0,15.0,> 9999.0,9999.0,0.682,0.682
6.347,6.347,2.144,2.144,1.184,1.184
> 15.0,15.0,> 15.0,15.0,1.608,1.608
> 15.0,15.0,> 15.0,15.0,6.508,6.508
> 15.0,15.0,2.591,2.591,1.313,1.313
> 15.0,15.0,> 9999.0,9999.0,5.813,5.813
> 15.0,15.0,> 9999.0,9999.0,2.729,2.729
> 15.0,15.0,> 9999.0,9999.0,1.18,1.18
> 15.0,15.0,> 9999.0,9999.0,13.756,13.756
> 15.0,15.0,> 15.0,15.0,6.735,6.735
> 15.0,15.0,> 9999.0,9999.0,> 50.0,50.0
> 15.0,15.0,> 9999.0,9999.0,> 50.0,50.0
> 15.0,15.0,4.328,4.328,3.279,3.279
> 15.0,15.0,> 15.0,15.0,2.381,2.381
> 15.0,15.0,> 9999.0,9999.0,1.363,1.363
> 15.0,15.0,> 9999.0,9999.0,> 50.0,50.0
> 15.0,15.0,> 15.0,15.0,2.381,2.381
9.866,9.866,> 9999.0,9999.0,12.224,12.224
> 15.0,15.0,> 9999.0,9999.0,27.391,27.391
> 15.0,15.0,10.332,10.332,5.058,5.058
> 15.0,15.0,5.216,5.216,3.365,3.365
> 15.0,15.0,> 9999.0,9999.0,6.276,6.276
> 15.0,15.0,> 9999.0,9999.0,0.342,0.342
> 15.0,15.0,> 9999.0,9999.0,6.615,6.615
> 15.0,15.0,> 9999.0,9999.0,4.392,4.392
> 15.0,15.0,> 9999.0,9999.0,1.565,1.565
> 15.0,15.0,> 9999.0,9999.0,> 50.0,50.0
> 15.0,15.0,> 9999.0,9999.0,13.538,13.538
> 15.0,15.0,2.57,2.57,> 50.0,50.0
> 15.0,15.0,> 9999.0,9999.0,4.309,4.309
> 15.0,15.0,> 9999.0,9999.0,11.869,11.869
> 15.0,15.0,5.356,5.356,6.937,6.937
> 15.0,15.0,> 9999.0,9999.0,> 50.0,50.0
> 15.0,15.0,> 9999.0,9999.0,11.973,11.973
> 15.0,15.0,> 9999.0,9999.0,16.721,16.721
> 15.0,15.0,> 9999.0,9999.0,> 50.0,50.0
> 15.0,15.0,> 9999.0,9999.0,8.447,8.447
> 15.0,15.0,> 9999.0,9999.0,> 50.0,50.0
> 15.0,15.0,> 9999.0,9999.0,7.015,7.015
> 15.0,15.0,> 9999.0,9999.0,26.546,26.546
> 15.0,15.0,8.348,8.348,10.968,10.968
> 15.0,15.0,> 9999.0,9999.0,> 50.0,50.0
> 15.0,15.0,> 9999.0,9999.0,11.682,11.682
> 15.0,15.0,> 9999.0,9999.0,13.896,13.896
> 15.0,15.0,> 9999.0,9999.0,16.894,16.894
> 15.0,15.0,> 9999.0,9999.0,6.482,6.482
> 15.0,15.0,> 9999.0,9999.0,3.428,3.428
> 15.0,15.0,< 0.029,0.029,> 50.0,50.0
> 15.0,15.0,> 9999.0,9999.0,2.353,2.353
> 15.0,15.0,> 9999.0,9999.0,14.017,14.017
> 15.0,15.0,> 9999.0,9999.0,8.883,8.883
> 15.0,15.0,> 9999.0,9999.0,1.9,1.9
> 15.0,15.0,> 9999.0,9999.0,> 50.0,50.0
13.046,13.046,> 9999.0,9999.0,14.476,14.476
> 15.0,15.0,> 9999.0,9999.0,> 50.0,50.0
> 15.0,15.0,> 9999.0,9999.0,6.917,6.917
> 15.0,15.0,0.039,0.039,3.687,3.687
> 15.0,15.0,4.856,4.856,1.687,1.687
> 15.0,15.0,> 9999.0,9999.0,10.94,10.94
> 15.0,15.0,> 9999.0,9999.0,> 50.0,50.0
> 15.0,15.0,> 9999.0,9999.0,> 50.0,50.0
> 15.0,15.0,> 9999.0,9999.0,9.277,9.277
> 15.0,15.0,> 9999.0,9999.0,12.108,12.108
> 15.0,15.0,> 9999.0,9999.0,> 50.0,50.0
> 15.0,15.0,0.029,0.029,1.547,1.547
3.211,3.211,13.413,13.413,12.079,12.079
> 15.0,15.0,> 9999.0,9999.0,5.14,5.14
> 15.0,15.0,5.348,5.348,3.687,3.687
> 15.0,15.0,> 15.0,15.0,16.332,16.332
> 15.0,15.0,> 9999.0,9999.0,> 50.0,50.0
> 7.5,7.5,5.532,5.532,7.052,7.052
> 15.0,15.0,> 9999.0,9999.0,10.419,10.419
> 15.0,15.0,> 9999.0,9999.0,> 50.0,50.0
> 15.0,15.0,> 9999.0,9999.0,> 50.0,50.0
> 15.0,15.0,> 9999.0,9999.0,2.114,2.114
> 15.0,15.0,> 9999.0,9999.0,3.225,3.225
> 15.0,15.0,> 9999.0,9999.0,16.927,16.927
> 15.0,15.0,> 9999.0,9999.0,> 50.0,50.0
> 15.0,15.0,0.043,0.043,20.691,20.691
> 15.0,15.0,< 0.029,0.029,10.929,10.929
> 15.0,15.0,> 15.0,15.0,12.141,12.141
> 15.0,15.0,> 9999.0,9999.0,1.647,1.647
> 15.0,15.0,> 9999.0,9999.0,> 50.0,50.0
2.443,2.443,7.315,7.315,6.642,6.642
> 15.0,15.0,> 9999.0,9999.0,2.745,2.745
> 15.0,15.0,> 9999.0,9999.0,7.158,7.158
> 15.0,15.0,> 9999.0,9999.0,14.674,14.674
> 15.0,15.0,> 15.0,15.0,> 50.0,50.0
> 15.0,15.0,> 9999.0,9999.0,13.409,13.409
> 15.0,15.0,> 9999.0,9999.0,7.249,7.249
8.455,8.455,> 9999.0,9999.0,> 50.0,50.0
> 15.0,15.0,> 9999.0,9999.0,> 50.0,50.0
> 15.0,15.0,> 9999.0,9999.0,< 0.1,0.1
> 15.0,15.0,> 9999.0,9999.0,> 50.0,50.0
> 15.0,15.0,> 9999.0,9999.0,1.843,1.843
> 15.0,15.0,10.068,10.068,0.418,0.418
> 15.0,15.0,> 9999.0,9999.0,2.075,2.075
> 15.0,15.0,> 15.0,15.0,5.781,5.781
> 15.0,15.0,> 9999.0,9999.0,> 50.0,50.0
> 15.0,15.0,> 9999.0,9999.0,14.686,14.686
> 15.0,15.0,> 9999.0,9999.0,5.898,5.898
9.401,9.401,4.608,4.608,19.695,19.695
> 15.0,15.0,> 9999.0,9999.0,0.784,0.784
> 15.0,15.0,> 9999.0,9999.0,13.048,13.048
> 15.0,15.0,> 9999.0,9999.0,> 50.0,50.0
> 15.0,15.0,> 9999.0,9999.0,12.081,12.081
> 15.0,15.0,> 9999.0,9999.0,0.111,0.111
> 15.0,15.0,> 15.0,15.0,> 50.0,50.0
> 15.0,15.0,> 9999.0,9999.0,0.198,0.198
> 15.0,15.0,> 9999.0,9999.0,3.459,3.459
> 15.0,15.0,> 9999.0,9999.0,3.611,3.611
> 15.0,15.0,> 9999.0,9999.0,5.469,5.469
> 15.0,15.0,> 9999.0,9999.0,6.088,6.088
> 15.0,15.0,> 9999.0,9999.0,> 50.0,50.0
> 15.0,15.0,> 9999.0,9999.0,> 50.0,50.0
> 15.0,15.0,> 9999.0,9999.0,> 50.0,50.0
> 15.0,15.0,> 9999.0,9999.0,13.696,13.696
> 15.0,15.0,> 9999.0,9999.0,11.464,11.464
> 15.0,15.0,> 9999.0,9999.0,28.087,28.087
> 15.0,15.0,> 9999.0,9999.0,6.122,6.122
> 15.0,15.0,> 9999.0,9999.0,2.99,2.99
> 15.0,15.0,> 9999.0,9999.0,4.635,4.635
> 15.0,15.0,4.353,4.353,14.156,14.156
> 7.5,7.5,7.311,7.311,12.837,12.837
> 15.0,15.0,> 9999.0,9999.0,2.131,2.131
> 15.0,15.0,> 9999.0,9999.0,> 50.0,50.0
> 15.0,15.0,> 9999.0,9999.0,0.685,0.685
> 15.0,15.0,> 9999.0,9999.0,35.273,35.273
> 15.0,15.0,> 9999.0,9999.0,> 50.0,50.0
> 15.0,15.0,> 9999.0,9999.0,12.485,12.485
> 15.0,15.0,13.24,13.24,3.528,3.528
> 15.0,15.0,> 15.0,15.0,5.961,5.961
> 15.0,15.0,> 9999.0,9999.0,6.134,6.134
> 15.0,15.0,> 9999.0,9999.0,> 50.0,50.0
> 15.0,15.0,> 9999.0,9999.0,3.261,3.261
> 15.0,15.0,> 9999.0,9999.0,13.112,13.112
> 15.0,15.0,> 9999.0,9999.0,> 50.0,50.0
> 15.0,15.0,> 9999.0,9999.0,25.895,25.895
> 15.0,15.0,4.156,4.156,6.902,6.902
> 15.0,15.0,> 9999.0,9999.0,> 50.0,50.0
> 15.0,15.0,> 9999.0,9999.0,12.128,12.128
> 15.0,15.0,> 9999.0,9999.0,5.651,5.651
> 15.0,15.0,> 9999.0,9999.0,15.413,15.413
> 15.0,15.0,> 9999.0,9999.0,7.174,7.174
> 15.0,15.0,> 9999.0,9999.0,14.671,14.671
> 15.0,15.0,> 15.0,15.0,11.501,11.501
> 15.0,15.0,> 9999.0,9999.0,20.411,20.411
> 15.0,15.0,> 15.0,15.0,3.878,3.878
> 15.0,15.0,> 9999.0,9999.0,> 50.0,50.0
> 15.0,15.0,5.865,5.865,10.506,10.506
> 15.0,15.0,> 9999.0,9999.0,5.758,5.758
> 15.0,15.0,> 9999.0,9999.0,> 50.0,50.0
> 15.0,15.0,> 9999.0,9999.0,11.735,11.735
> 15.0,15.0,> 9999.0,9999.0,9.303,9.303
> 15.0,15.0,> 9999.0,9999.0,11.111,11.111
> 15.0,15.0,> 9999.0,9999.0,8.372,8.372
> 15.0,15.0,> 9999.0,9999.0,> 50.0,50.0
> 15.0,15.0,> 9999.0,9999.0,8.678,8.678
> 15.0,15.0,> 9999.0,9999.0,16.801,16.801
> 15.0,15.0,> 9999.0,9999.0,1.628,1.628
> 15.0,15.0,> 9999.0,9999.0,> 50.0,50.0
> 15.0,15.0,> 9999.0,9999.0,1.599,1.599
> 15.0,15.0,4.16,4.16,6.314,6.314
> 15.0,15.0,> 9999.0,9999.0,10.792,10.792
> 15.0,15.0,> 9999.0,9999.0,18.121,18.121
> 15.0,15.0,> 9999.0,9999.0,0.453,0.453
> 15.0,15.0,> 9999.0,9999.0,16.413,16.413
> 15.0,15.0,> 9999.0,9999.0,23.613,23.613
> 15.0,15.0,> 9999.0,9999.0,5.364,5.364
> 15.0,15.0,> 9999.0,9999.0,4.023,4.023
> 15.0,15.0,> 9999.0,9999.0,5.217,5.217
> 15.0,15.0,> 9999.0,9999.0,8.058,8.058
> 15.0,15.0,> 9999.0,9999.0,0.152,0.152
> 15.0,15.0,> 9999.0,9999.0,> 50.0,50.0
> 15.0,15.0,> 9999.0,9999.0,12.705,12.705
> 15.0,15.0,> 15.0,15.0,> 50.0,50.0
> 15.0,15.0,> 9999.0,9999.0,> 50.0,50.0
> 15.0,15.0,> 9999.0,9999.0,16.854,16.854
> 15.0,15.0,> 9999.0,9999.0,> 50.0,50.0
2.189,2.189,> 9999.0,9999.0,22.582,22.582
> 15.0,15.0,> 9999.0,9999.0,> 12.5,12.5
> 15.0,15.0,> 9999.0,9999.0,0.34,0.34
3.109,3.109,> 9999.0,9999.0,19.046,19.046
> 15.0,15.0,> 9999.0,9999.0,> 50.0,50.0
> 15.0,15.0,9.548,9.548,0.844,0.844
> 15.0,15.0,> 9999.0,9999.0,15.303,15.303
> 15.0,15.0,> 9999.0,9999.0,3.431,3.431
> 15.0,15.0,> 9999.0,9999.0,0.159,0.159
> 15.0,15.0,> 9999.0,9999.0,11.035,11.035
> 15.0,15.0,1.029,1.029,1.7,1.7
2.184,2.184,> 9999.0,9999.0,24.225,24.225
> 15.0,15.0,> 9999.0,9999.0,> 50.0,50.0
> 15.0,15.0,> 9999.0,9999.0,4.613,4.613
> 15.0,15.0,> 9999.0,9999.0,> 50.0,50.0
> 15.0,15.0,> 9999.0,9999.0,14.037,14.037
> 15.0,15.0,> 9999.0,9999.0,13.843,13.843
> 15.0,15.0,> 9999.0,9999.0,> 50.0,50.0
> 15.0,15.0,> 9999.0,9999.0,> 50.0,50.0
> 15.0,15.0,2.675,2.675,3.997,3.997
> 15.0,15.0,> 9999.0,9999.0,3.162,3.162
> 7.5,7.5,> 15.0,15.0,11.041,11.041
> 15.0,15.0,> 9999.0,9999.0,14.797,14.797
> 15.0,15.0,> 9999.0,9999.0,> 50.0,50.0
> 15.0,15.0,> 9999.0,9999.0,6.275,6.275
> 15.0,15.0,> 9999.0,9999.0,8.391,8.391
> 15.0,15.0,> 9999.0,9999.0,> 50.0,50.0
> 15.0,15.0,9.853,9.853,6.037,6.037
> 15.0,15.0,> 9999.0,9999.0,10.865,10.865
7.979,7.979,> 9999.0,9999.0,12.78,12.78
> 15.0,15.0,> 9999.0,9999.0,1.646,1.646
> 15.0,15.0,> 9999.0,9999.0,1.273,1.273
> 15.0,15.0,> 9999.0,9999.0,> 50.0,50.0
> 15.0,15.0,> 9999.0,9999.0,10.592,10.592
> 15.0,15.0,> 9999.0,9999.0,24.519,24.519
> 15.0,15.0,> 9999.0,9999.0,1.545,1.545
> 15.0,15.0,> 9999.0,9999.0,2.934,2.934
> 15.0,15.0,12.501,12.501,1.515,1.515
9.175,9.175,> 9999.0,9999.0,> 50.0,50.0
9.615,9.615,> 9999.0,9999.0,> 50.0,50.0
> 15.0,15.0,> 9999.0,9999.0,3.397,3.397
> 15.0,15.0,> 9999.0,9999.0,4.367,4.367
> 15.0,15.0,> 9999.0,9999.0,3.265,3.265
> 15.0,15.0,> 9999.0,9999.0,6.367,6.367
> 15.0,15.0,> 9999.0,9999.0,13.692,13.692
> 15.0,15.0,> 9999.0,9999.0,3.24,3.24
7.515,7.515,> 9999.0,9999.0,1.662,1.662
> 15.0,15.0,> 9999.0,9999.0,> 50.0,50.0
> 15.0,15.0,> 9999.0,9999.0,6.615,6.615
> 15.0,15.0,> 9999.0,9999.0,3.42,3.42
> 15.0,15.0,> 9999.0,9999.0,6.614,6.614
> 15.0,15.0,> 9999.0,9999.0,8.34,8.34
> 15.0,15.0,> 9999.0,9999.0,> 50.0,50.0
> 15.0,15.0,> 9999.0,9999.0,5.876,5.876
> 15.0,15.0,> 9999.0,9999.0,23.063,23.063
> 15.0,15.0,> 9999.0,9999.0,1.982,1.982
> 15.0,15.0,> 9999.0,9999.0,> 50.0,50.0
> 7.5,7.5,> 9999.0,9999.0,0.191,0.191
> 15.0,15.0,> 9999.0,9999.0,6.713,6.713
10.075,10.075,> 9999.0,9999.0,25.714,25.714
14.638,14.638,> 9999.0,9999.0,5.73,5.73
> 15.0,15.0,> 9999.0,9999.0,1.523,1.523
> 15.0,15.0,11.049,11.049,> 50.0,50.0
> 15.0,15.0,> 9999.0,9999.0,> 50.0,50.0
> 15.0,15.0,14.351,14.351,2.219,2.219
> 15.0,15.0,> 9999.0,9999.0,21.081,21.081
14.567,14.567,> 9999.0,9999.0,14.44,14.44
> 15.0,15.0,> 9999.0,9999.0,13.304,13.304
> 15.0,15.0,> 15.0,15.0,1.61,1.61
> 15.0,15.0,> 9999.0,9999.0,1.473,1.473
> 15.0,15.0,> 9999.0,9999.0,10.885,10.885
> 15.0,15.0,> 9999.0,9999.0,9.783,9.783
> 15.0,15.0,> 9999.0,9999.0,6.695,6.695
> 15.0,15.0,> 15.0,15.0,11.845,11.845
> 15.0,15.0,> 9999.0,9999.0,12.81,12.81
> 15.0,15.0,> 9999.0,9999.0,> 50.0,50.0
> 15.0,15.0,> 9999.0,9999.0,13.936,13.936
> 15.0,15.0,> 9999.0,9999.0,> 50.0,50.0
> 15.0,15.0,> 9999.0,9999.0,3.606,3.606
> 15.0,15.0,8.191,8.191,2.669,2.669
> 15.0,15.0,> 9999.0,9999.0,2.049,2.049
> 15.0,15.0,> 9999.0,9999.0,1.117,1.117
> 15.0,15.0,> 9999.0,9999.0,6.363,6.363
> 15.0,15.0,> 9999.0,9999.0,> 50.0,50.0
> 15.0,15.0,5.416,5.416,3.847,3.847
> 15.0,15.0,> 9999.0,9999.0,1.533,1.533
> 15.0,15.0,> 15.0,15.0,3.269,3.269
9.583,9.583,> 9999.0,9999.0,3.439,3.439
9.57,9.57,> 9999.0,9999.0,6.359,6.359
> 15.0,15.0,> 9999.0,9999.0,3.431,3.431
> 15.0,15.0,9.46,9.46,5.993,5.993
> 15.0,15.0,> 9999.0,9999.0,12.599,12.599
> 15.0,15.0,> 9999.0,9999.0,> 50.0,50.0
> 15.0,15.0,> 9999.0,9999.0,26.246,26.246
> 15.0,15.0,> 15.0,15.0,2.111,2.111
> 15.0,15.0,> 9999.0,9999.0,> 50.0,50.0
> 15.0,15.0,> 9999.0,9999.0,13.405,13.405
> 15.0,15.0,> 9999.0,9999.0,8.383,8.383
> 15.0,15.0,> 9999.0,9999.0,> 25.0,25.0
8.539,8.539,3.389,3.389,10.538,10.538
> 15.0,15.0,> 9999.0,9999.0,19.273,19.273
> 15.0,15.0,6.529,6.529,> 50.0,50.0
> 15.0,15.0,12.408,12.408,11.964,11.964
> 15.0,15.0,> 15.0,15.0,> 50.0,50.0
11.497,11.497,> 9999.0,9999.0,4.815,4.815
> 15.0,15.0,> 9999.0,9999.0,> 50.0,50.0
> 15.0,15.0,> 9999.0,9999.0,6.125,6.125
> 15.0,15.0,> 15.0,15.0,0.292,0.292
> 15.0,15.0,> 9999.0,9999.0,> 50.0,50.0
> 15.0,15.0,10.307,10.307,1.689,1.689
> 15.0,15.0,> 9999.0,9999.0,1.722,1.722
> 7.5,7.5,2.419,2.419,2.871,2.871
> 15.0,15.0,> 15.0,15.0,0.484,0.484
> 15.0,15.0,> 9999.0,9999.0,6.17,6.17
> 15.0,15.0,> 9999.0,9999.0,> 50.0,50.0
> 15.0,15.0,4.88,4.88,2.994,2.994
> 15.0,15.0,> 9999.0,9999.0,0.213,0.213
> 15.0,15.0,> 9999.0,9999.0,> 50.0,50.0
> 15.0,15.0,3.841,3.841,1.626,1.626
> 15.0,15.0,> 9999.0,9999.0,12.386,12.386
> 15.0,15.0,> 9999.0,9999.0,> 50.0,50.0
13.694,13.694,> 9999.0,9999.0,> 50.0,50.0
> 15.0,15.0,> 9999.0,9999.0,> 50.0,50.0
> 15.0,15.0,> 9999.0,9999.0,1.683,1.683
> 15.0,15.0,> 9999.0,9999.0,1.64,1.64
> 15.0,15.0,> 9999.0,9999.0,6.177,6.177
> 15.0,15.0,11.582,11.582,4.295,4.295
> 15.0,15.0,> 9999.0,9999.0,12.924,12.924
> 15.0,15.0,14.788,14.788,2.384,2.384
> 15.0,15.0,11.088,11.088,13.091,13.091
> 15.0,15.0,> 9999.0,9999.0,5.331,5.331
2.708,2.708,> 9999.0,9999.0,1.126,1.126
> 15.0,15.0,2.548,2.548,0.298,0.298
12.989,12.989,> 9999.0,9999.0,> 50.0,50.0
> 15.0,15.0,> 9999.0,9999.0,2.212,2.212
> 7.5,7.5,> 9999.0,9999.0,3.869,3.869
> 15.0,15.0,> 9999.0,9999.0,> 50.0,50.0
> 15.0,15.0,> 9999.0,9999.0,17.519,17.519
> 15.0,15.0,> 9999.0,9999.0,20.968,20.968
> 15.0,15.0,> 9999.0,9999.0,11.198,11.198
> 15.0,15.0,> 15.0,15.0,0.396,0.396
> 15.0,15.0,> 9999.0,9999.0,1.65,1.65
> 7.5,7.5,> 9999.0,9999.0,0.338,0.338
> 15.0,15.0,> 9999.0,9999.0,2.613,2.613
9.225,9.225,> 9999.0,9999.0,6.491,6.491
> 15.0,15.0,> 15.0,15.0,6.272,6.272
> 15.0,15.0,> 9999.0,9999.0,11.542,11.542
> 15.0,15.0,> 9999.0,9999.0,> 50.0,50.0
> 15.0,15.0,> 9999.0,9999.0,14.283,14.283
> 15.0,15.0,> 9999.0,9999.0,11.73,11.73
11.583,11.583,> 9999.0,9999.0,> 50.0,50.0
> 15.0,15.0,> 9999.0,9999.0,11.358,11.358
> 15.0,15.0,> 9999.0,9999.0,> 50.0,50.0
> 15.0,15.0,> 9999.0,9999.0,3.158,3.158
> 15.0,15.0,2.513,2.513,3.551,3.551
> 15.0,15.0,> 9999.0,9999.0,6.766,6.766
> 15.0,15.0,12.036,12.036,0.562,0.562
> 15.0,15.0,> 9999.0,9999.0,0.223,0.223
> 15.0,15.0,> 9999.0,9999.0,12.253,12.253
> 15.0,15.0,2.023,2.023,1.752,1.752
> 15.0,15.0,> 9999.0,9999.0,14.366,14.366
> 15.0,15.0,> 9999.0,9999.0,11.591,11.591
> 15.0,15.0,> 9999.0,9999.0,7.236,7.236
> 15.0,15.0,> 9999.0,9999.0,> 50.0,50.0
> 15.0,15.0,> 9999.0,9999.0,> 50.0,50.0
> 15.0,15.0,> 9999.0,9999.0,1.917,1.917
> 15.0,15.0,> 9999.0,9999.0,> 50.0,50.0
9.409,9.409,> 9999.0,9999.0,9.203,9.203
> 15.0,15.0,> 9999.0,9999.0,> 50.0,50.0
> 15.0,15.0,> 9999.0,9999.0,> 50.0,50.0
6.853,6.853,2.581,2.581,6.354,6.354
> 15.0,15.0,> 9999.0,9999.0,> 50.0,50.0
> 15.0,15.0,> 9999.0,9999.0,12.095,12.095
1.49,1.49,> 9999.0,9999.0,> 50.0,50.0
> 15.0,15.0,13.442,13.442,4.222,4.222
> 15.0,15.0,> 9999.0,9999.0,6.317,6.317
> 15.0,15.0,> 9999.0,9999.0,> 50.0,50.0
> 15.0,15.0,8.181,8.181,14.329,14.329
> 15.0,15.0,> 9999.0,9999.0,13.352,13.352
> 15.0,15.0,> 9999.0,9999.0,> 50.0,50.0
> 15.0,15.0,> 15.0,15.0,6.799,6.799
> 15.0,15.0,12.011,12.011,6.799,6.799
> 15.0,15.0,> 9999.0,9999.0,> 50.0,50.0
8.671,8.671,> 9999.0,9999.0,> 50.0,50.0
> 15.0,15.0,12.938,12.938,1.034,1.034
> 15.0,15.0,> 9999.0,9999.0,10.938,10.938
> 15.0,15.0,> 9999.0,9999.0,8.165,8.165
> 15.0,15.0,> 9999.0,9999.0,6.263,6.263
> 15.0,15.0,> 15.0,15.0,1.108,1.108
> 15.0,15.0,5.899,5.899,13.79,13.79
> 7.5,7.5,> 15.0,15.0,0.75,0.75
> 15.0,15.0,> 9999.0,9999.0,3.988,3.988
> 15.0,15.0,> 9999.0,9999.0,3.287,3.287
> 15.0,15.0,> 9999.0,9999.0,> 50.0,50.0
> 15.0,15.0,> 9999.0,9999.0,2.058,2.058
> 15.0,15.0,> 9999.0,9999.0,> 50.0,50.0
> 15.0,15.0,5.398,5.398,6.596,6.596
> 15.0,15.0,> 9999.0,9999.0,> 50.0,50.0
10.503,10.503,> 9999.0,9999.0,> 50.0,50.0
> 15.0,15.0,4.758,4.758,8.659,8.659
> 15.0,15.0,> 9999.0,9999.0,24.801,24.801
> 15.0,15.0,> 9999.0,9999.0,12.503,12.503
> 15.0,15.0,2.965,2.965,7.007,7.007
> 15.0,15.0,8.105,8.105,6.478,6.478
> 15.0,15.0,> 9999.0,9999.0,> 50.0,50.0
> 15.0,15.0,2.506,2.506,5.863,5.863
> 15.0,15.0,> 9999.0,9999.0,10.62,10.62
> 15.0,15.0,4.328,4.328,11.259,11.259
> 15.0,15.0,> 9999.0,9999.0,3.25,3.25
4.528,4.528,> 9999.0,9999.0,39.984,39.984
> 15.0,15.0,> 9999.0,9999.0,6.86,6.86
> 15.0,15.0,> 9999.0,9999.0,> 50.0,50.0
> 15.0,15.0,> 9999.0,9999.0,> 50.0,50.0
3.762,3.762,2.221,2.221,1.856,1.856
> 15.0,15.0,> 9999.0,9999.0,> 50.0,50.0
> 15.0,15.0,> 9999.0,9999.0,24.659,24.659
> 15.0,15.0,> 9999.0,9999.0,> 50.0,50.0
> 15.0,15.0,> 9999.0,9999.0,18.197,18.197
> 15.0,15.0,> 9999.0,9999.0,3.931,3.931
> 15.0,15.0,> 9999.0,9999.0,11.465,11.465
> 15.0,15.0,> 15.0,15.0,> 50.0,50.0
> 15.0,15.0,> 9999.0,9999.0,7.879,7.879
> 15.0,15.0,6.933,6.933,10.117,10.117
6.341,6.341,> 9999.0,9999.0,> 50.0,50.0
> 15.0,15.0,> 9999.0,9999.0,8.356,8.356
> 15.0,15.0,> 9999.0,9999.0,0.804,0.804
> 15.0,15.0,2.145,2.145,6.92,6.92
> 15.0,15.0,> 9999.0,9999.0,0.197,0.197
> 15.0,15.0,> 9999.0,9999.0,0.633,0.633
> 15.0,15.0,> 9999.0,9999.0,4.105,4.105
> 15.0,15.0,> 9999.0,9999.0,8.699,8.699
> 15.0,15.0,> 9999.0,9999.0,7.425,7.425
> 15.0,15.0,> 15.0,15.0,1.687,1.687
> 15.0,15.0,> 9999.0,9999.0,17.348,17.348
1.305,1.305,> 9999.0,9999.0,0.508,0.508
> 15.0,15.0,> 9999.0,9999.0,15.417,15.417
> 15.0,15.0,3.009,3.009,7.046,7.046
> 15.0,15.0,> 9999.0,9999.0,6.086,6.086
> 15.0,15.0,> 9999.0,9999.0,21.314,21.314
10.519,10.519,> 9999.0,9999.0,6.991,6.991
12.732,12.732,> 9999.0,9999.0,10.95,10.95
> 15.0,15.0,> 9999.0,9999.0,> 50.0,50.0
> 15.0,15.0,> 9999.0,9999.0,> 12.5,12.5
> 15.0,15.0,> 9999.0,9999.0,> 50.0,50.0
> 15.0,15.0,> 9999.0,9999.0,> 50.0,50.0
> 15.0,15.0,> 9999.0,9999.0,13.406,13.406
> 15.0,15.0,> 9999.0,9999.0,5.907,5.907
> 15.0,15.0,> 9999.0,9999.0,3.763,3.763
> 15.0,15.0,> 9999.0,9999.0,18.761,18.761
> 15.0,15.0,2.248,2.248,5.963,5.963
> 15.0,15.0,> 15.0,15.0,12.201,12.201
> 15.0,15.0,> 15.0,15.0,36.612,36.612
> 15.0,15.0,> 9999.0,9999.0,> 50.0,50.0
> 15.0,15.0,> 9999.0,9999.0,> 50.0,50.0
> 15.0,15.0,1.913,1.913,12.22,12.22
> 15.0,15.0,> 9999.0,9999.0,> 50.0,50.0
> 15.0,15.0,> 9999.0,9999.0,< 0.1,0.1
> 15.0,15.0,> 9999.0,9999.0,4.523,4.523
12.93,12.93,> 9999.0,9999.0,14.404,14.404
> 15.0,15.0,14.415,14.415,2.572,2.572
> 15.0,15.0,> 9999.0,9999.0,< 0.1,0.1
> 15.0,15.0,> 9999.0,9999.0,6.836,6.836
> 15.0,15.0,> 15.0,15.0,6.387,6.387
> 15.0,15.0,> 9999.0,9999.0,1.666,1.666
8.096,8.096,> 9999.0,9999.0,0.227,0.227
> 15.0,15.0,> 9999.0,9999.0,3.171,3.171
> 15.0,15.0,> 9999.0,9999.0,1.548,1.548
> 15.0,15.0,> 9999.0,9999.0,13.163,13.163
> 15.0,15.0,> 15.0,15.0,2.194,2.194
> 15.0,15.0,> 9999.0,9999.0,> 50.0,50.0
> 15.0,15.0,> 9999.0,9999.0,5.01,5.01
> 15.0,15.0,> 9999.0,9999.0,12.379,12.379
> 15.0,15.0,> 9999.0,9999.0,8.961,8.961
> 15.0,15.0,> 9999.0,9999.0,> 50.0,50.0
> 15.0,15.0,> 9999.0,9999.0,1.028,1.028
> 15.0,15.0,> 15.0,15.0,3.189,3.189
> 15.0,15.0,> 9999.0,9999.0,6.755,6.755
> 15.0,15.0,> 15.0,15.0,7.019,7.019
> 15.0,15.0,> 9999.0,9999.0,> 50.0,50.0
13.094,13.094,> 9999.0,9999.0,1.98,1.98
> 7.5,7.5,> 15.0,15.0,0.323,0.323
> 15.0,15.0,> 9999.0,9999.0,4.681,4.681
> 15.0,15.0,> 9999.0,9999.0,> 50.0,50.0
> 15.0,15.0,6.728,6.728,1.629,1.629
> 15.0,15.0,> 9999.0,9999.0,4.142,4.142
> 15.0,15.0,> 15.0,15.0,> 50.0,50.0
> 15.0,15.0,7.53,7.53,0.526,0.526
> 15.0,15.0,> 9999.0,9999.0,6.207,6.207
> 15.0,15.0,> 9999.0,9999.0,> 50.0,50.0
> 15.0,15.0,> 9999.0,9999.0,7.139,7.139
> 15.0,15.0,> 9999.0,9999.0,2.692,2.692
> 15.0,15.0,> 9999.0,9999.0,> 50.0,50.0
> 15.0,15.0,> 9999.0,9999.0,0.202,0.202
> 15.0,15.0,> 9999.0,9999.0,2.712,2.712
> 15.0,15.0,> 9999.0,9999.0,2.456,2.456
> 15.0,15.0,> 9999.0,9999.0,7.651,7.651
> 15.0,15.0,> 9999.0,9999.0,> 50.0,50.0
> 15.0,15.0,> 15.0,15.0,7.911,7.911
> 15.0,15.0,> 9999.0,9999.0,> 50.0,50.0
> 15.0,15.0,> 9999.0,9999.0,> 50.0,50.0
> 15.0,15.0,> 9999.0,9999.0,< 0.098,0.098
> 15.0,15.0,> 15.0,15.0,3.491,3.491
> 15.0,15.0,> 9999.0,9999.0,2.26,2.26
> 15.0,15.0,> 15.0,15.0,3.364,3.364
> 15.0,15.0,> 15.0,15.0,> 50.0,50.0
> 15.0,15.0,6.236,6.236,0.207,0.207
> 15.0,15.0,> 9999.0,9999.0,> 50.0,50.0
> 15.0,15.0,> 9999.0,9999.0,10.869,10.869
> 15.0,15.0,11.396,11.396,6.844,6.844
> 15.0,15.0,> 9999.0,9999.0,30.303,30.303
> 15.0,15.0,> 9999.0,9999.0,10.215,10.215
> 15.0,15.0,> 15.0,15.0,4.152,4.152
> 15.0,15.0,1.587,1.587,0.566,0.566
> 15.0,15.0,4.265,4.265,0.814,0.814
> 15.0,15.0,> 9999.0,9999.0,< 0.1,0.1
> 15.0,15.0,> 9999.0,9999.0,7.414,7.414
> 15.0,15.0,4.684,4.684,2.683,2.683
2.625,2.625,> 9999.0,9999.0,19.437,19.437
> 15.0,15.0,> 9999.0,9999.0,4.985,4.985
> 15.0,15.0,> 9999.0,9999.0,3.139,3.139
> 15.0,15.0,> 15.0,15.0,11.413,11.413
> 15.0,15.0,> 9999.0,9999.0,12.529,12.529
> 15.0,15.0,> 9999.0,9999.0,4.344,4.344
> 15.0,15.0,> 9999.0,9999.0,0.351,0.351
> 15.0,15.0,> 9999.0,9999.0,13.785,13.785
> 15.0,15.0,> 9999.0,9999.0,0.434,0.434
> 15.0,15.0,> 9999.0,9999.0,0.908,0.908
> 15.0,15.0,> 15.0,15.0,1.402,1.402
> 15.0,15.0,5.913,5.913,1.596,1.596
> 15.0,15.0,> 9999.0,9999.0,> 50.0,50.0
> 15.0,15.0,> 9999.0,9999.0,0.851,0.851
> 15.0,15.0,> 9999.0,9999.0,3.474,3.474
> 15.0,15.0,> 9999.0,9999.0,> 50.0,50.0
9.484,9.484,> 15.0,15.0,14.029,14.029
> 15.0,15.0,> 9999.0,9999.0,> 50.0,50.0
> 15.0,15.0,> 9999.0,9999.0,3.383,3.383
> 7.5,7.5,> 9999.0,9999.0,> 50.0,50.0
12.476,12.476,2.829,2.829,3.446,3.446
> 15.0,15.0,> 9999.0,9999.0,0.73,0.73
> 15.0,15.0,4.969,4.969,13.89,13.89
> 15.0,15.0,> 9999.0,9999.0,0.463,0.463
> 15.0,15.0,> 9999.0,9999.0,10.156,10.156
> 15.0,15.0,> 9999.0,9999.0,28.241,28.241
> 15.0,15.0,> 9999.0,9999.0,> 50.0,50.0
> 15.0,15.0,> 9999.0,9999.0,4.238,4.238
> 15.0,15.0,9.191,9.191,1.951,1.951
> 15.0,15.0,> 15.0,15.0,3.256,3.256
12.934,12.934,> 9999.0,9999.0,7.527,7.527
> 15.0,15.0,> 9999.0,9999.0,10.002,10.002
> 15.0,15.0,> 9999.0,9999.0,< 0.1,0.1
> 15.0,15.0,> 9999.0,9999.0,36.329,36.329
> 15.0,15.0,> 9999.0,9999.0,3.502,3.502
> 15.0,15.0,> 9999.0,9999.0,< 0.1,0.1
> 15.0,15.0,> 9999.0,9999.0,> 50.0,50.0
> 15.0,15.0,> 9999.0,9999.0,0.689,0.689
> 15.0,15.0,2.41,2.41,2.036,2.036
> 15.0,15.0,> 15.0,15.0,7.12,7.12
> 15.0,15.0,> 9999.0,9999.0,1.017,1.017
> 15.0,15.0,> 9999.0,9999.0,15.214,15.214
> 15.0,15.0,> 9999.0,9999.0,40.309,40.309
> 15.0,15.0,> 9999.0,9999.0,> 50.0,50.0
8.136,8.136,> 9999.0,9999.0,3.018,3.018
> 15.0,15.0,> 15.0,15.0,3.01,3.01
> 15.0,15.0,10.949,10.949,3.004,3.004
> 15.0,15.0,7.584,7.584,3.154,3.154
> 15.0,15.0,> 9999.0,9999.0,2.346,2.346
> 15.0,15.0,5.202,5.202,6.88,6.88
> 15.0,15.0,> 9999.0,9999.0,4.24,4.24
> 15.0,15.0,> 9999.0,9999.0,0.213,0.213
> 15.0,15.0,> 15.0,15.0,0.854,0.854
> 15.0,15.0,> 9999.0,9999.0,6.625,6.625
> 15.0,15.0,9.531,9.531,2.811,2.811
> 15.0,15.0,11.653,11.653,9.803,9.803
> 15.0,15.0,> 9999.0,9999.0,3.682,3.682
> 15.0,15.0,> 9999.0,9999.0,5.401,5.401
> 7.5,7.5,> 9999.0,9999.0,11.041,11.041
> 15.0,15.0,> 9999.0,9999.0,1.96,1.96
8.875,8.875,7.557,7.557,8.978,8.978
> 15.0,15.0,> 9999.0,9999.0,13.084,13.084
> 15.0,15.0,> 9999.0,9999.0,3.58,3.58
> 15.0,15.0,> 9999.0,9999.0,38.531,38.531
> 15.0,15.0,> 9999.0,9999.0,12.011,12.011
> 15.0,15.0,> 9999.0,9999.0,1.72,1.72
9.041,9.041,> 9999.0,9999.0,> 50.0,50.0
> 15.0,15.0,> 9999.0,9999.0,> 50.0,50.0
> 15.0,15.0,> 9999.0,9999.0,< 0.1,0.1
> 15.0,15.0,> 9999.0,9999.0,8.993,8.993
> 15.0,15.0,> 15.0,15.0,5.259,5.259
> 15.0,15.0,5.081,5.081,8.608,8.608
> 15.0,15.0,> 9999.0,9999.0,< 0.1,0.1
> 15.0,15.0,> 9999.0,9999.0,3.048,3.048
> 15.0,15.0,> 9999.0,9999.0,2.271,2.271
> 15.0,15.0,7.391,7.391,7.163,7.163
> 15.0,15.0,> 9999.0,9999.0,3.267,3.267
> 15.0,15.0,> 9999.0,9999.0,0.858,0.858
> 7.5,7.5,> 9999.0,9999.0,3.394,3.394
> 15.0,15.0,> 9999.0,9999.0,3.15,3.15
> 15.0,15.0,> 9999.0,9999.0,0.853,0.853
> 15.0,15.0,> 15.0,15.0,3.406,3.406
> 15.0,15.0,> 9999.0,9999.0,2.587,2.587
> 15.0,15.0,> 9999.0,9999.0,2.895,2.895
> 15.0,15.0,> 9999.0,9999.0,9.211,9.211
> 15.0,15.0,> 9999.0,9999.0,0.806,0.806
> 15.0,15.0,> 9999.0,9999.0,> 50.0,50.0
> 15.0,15.0,> 15.0,15.0,24.937,24.937
> 15.0,15.0,> 9999.0,9999.0,1.761,1.761
> 15.0,15.0,> 9999.0,9999.0,9.062,9.062
> 15.0,15.0,> 9999.0,9999.0,0.384,0.384
> 15.0,15.0,> 15.0,15.0,2.179,2.179
> 15.0,15.0,3.13,3.13,6.453,6.453
> 15.0,15.0,> 9999.0,9999.0,1.85,1.85
> 15.0,15.0,> 9999.0,9999.0,2.066,2.066
> 15.0,15.0,> 9999.0,9999.0,6.489,6.489
> 15.0,15.0,> 9999.0,9999.0,48.772,48.772
> 15.0,15.0,12.769,12.769,6.313,6.313
> 15.0,15.0,> 9999.0,9999.0,7.816,7.816
> 15.0,15.0,3.291,3.291,3.3,3.3
> 15.0,15.0,> 9999.0,9999.0,> 50.0,50.0
> 15.0,15.0,> 9999.0,9999.0,4.51,4.51
> 15.0,15.0,> 9999.0,9999.0,2.029,2.029
> 15.0,15.0,> 9999.0,9999.0,3.506,3.506
> 15.0,15.0,> 9999.0,9999.0,2.484,2.484
> 15.0,15.0,6.477,6.477,5.859,5.859
> 15.0,15.0,> 9999.0,9999.0,3.449,3.449
> 15.0,15.0,> 15.0,15.0,3.292,3.292
> 15.0,15.0,> 15.0,15.0,1.66,1.66
> 15.0,15.0,> 9999.0,9999.0,3.363,3.363
> 15.0,15.0,> 9999.0,9999.0,1.99,1.99
> 15.0,15.0,> 9999.0,9999.0,3.332,3.332
> 15.0,15.0,> 9999.0,9999.0,> 50.0,50.0
> 15.0,15.0,> 15.0,15.0,7.525,7.525
> 15.0,15.0,4.946,4.946,27.324,27.324
> 15.0,15.0,> 9999.0,9999.0,> 50.0,50.0
> 15.0,15.0,> 9999.0,9999.0,6.672,6.672
> 15.0,15.0,> 9999.0,9999.0,1.03,1.03
> 15.0,15.0,2.272,2.272,0.153,0.153
> 15.0,15.0,7.398,7.398,0.342,0.342
> 15.0,15.0,> 9999.0,9999.0,0.843,0.843
> 15.0,15.0,11.49,11.49,10.272,10.272
> 15.0,15.0,2.636,2.636,5.167,5.167
> 15.0,15.0,> 9999.0,9999.0,1.605,1.605
> 15.0,15.0,> 9999.0,9999.0,< 0.1,0.1
> 15.0,15.0,> 15.0,15.0,10.243,10.243
> 15.0,15.0,> 9999.0,9999.0,< 0.1,0.1
> 15.0,15.0,1.215,1.215,0.891,0.891
> 15.0,15.0,> 9999.0,9999.0,0.423,0.423
> 15.0,15.0,6.801,6.801,0.607,0.607
> 15.0,15.0,> 9999.0,9999.0,> 50.0,50.0
> 15.0,15.0,> 9999.0,9999.0,0.926,0.926
> 15.0,15.0,> 9999.0,9999.0,13.393,13.393
> 15.0,15.0,> 9999.0,9999.0,3.185,3.185
> 15.0,15.0,6.303,6.303,0.15,0.15
> 15.0,15.0,> 9999.0,9999.0,> 50.0,50.0
> 15.0,15.0,> 9999.0,9999.0,> 50.0,50.0
> 15.0,15.0,> 9999.0,9999.0,> 50.0,50.0
> 15.0,15.0,> 9999.0,9999.0,5.868,5.868
> 15.0,15.0,> 9999.0,9999.0,12.975,12.975
> 15.0,15.0,> 9999.0,9999.0,1.139,1.139
> 15.0,15.0,> 9999.0,9999.0,28.986,28.986
> 15.0,15.0,> 9999.0,9999.0,> 50.0,50.0
> 15.0,15.0,> 9999.0,9999.0,25.39,25.39
> 15.0,15.0,> 9999.0,9999.0,3.396,3.396
> 15.0,15.0,> 9999.0,9999.0,3.341,3.341
> 15.0,15.0,> 9999.0,9999.0,> 50.0,50.0
> 15.0,15.0,> 9999.0,9999.0,> 50.0,50.0
> 15.0,15.0,> 15.0,15.0,< 0.098,0.098
> 15.0,15.0,> 9999.0,9999.0,5.502,5.502
13.619,13.619,> 9999.0,9999.0,0.939,0.939
> 15.0,15.0,> 15.0,15.0,12.825,12.825
> 15.0,15.0,> 9999.0,9999.0,> 50.0,50.0
> 15.0,15.0,> 9999.0,9999.0,6.712,6.712
> 15.0,15.0,> 9999.0,9999.0,> 50.0,50.0
> 15.0,15.0,> 9999.0,9999.0,22.135,22.135
> 15.0,15.0,> 9999.0,9999.0,10.37,10.37
> 15.0,15.0,> 9999.0,9999.0,> 50.0,50.0
> 15.0,15.0,> 9999.0,9999.0,> 50.0,50.0
> 15.0,15.0,> 9999.0,9999.0,> 50.0,50.0
> 15.0,15.0,> 9999.0,9999.0,26.016,26.016
> 15.0,15.0,> 9999.0,9999.0,> 50.0,50.0
> 15.0,15.0,> 9999.0,9999.0,26.214,26.214
> 15.0,15.0,> 9999.0,9999.0,14.262,14.262
> 7.5,7.5,> 9999.0,9999.0,> 50.0,50.0
> 15.0,15.0,> 9999.0,9999.0,> 50.0,50.0
> 15.0,15.0,> 9999.0,9999.0,13,13.0
> 15.0,15.0,> 9999.0,9999.0,> 50.0,50.0
> 15.0,15.0,> 9999.0,9999.0,> 50.0,50.0
> 15.0,15.0,4.599,4.599,13.473,13.473
> 15.0,15.0,> 9999.0,9999.0,> 50.0,50.0
> 15.0,15.0,> 9999.0,9999.0,> 50.0,50.0
> 15.0,15.0,> 9999.0,9999.0,48.538,48.538
> 15.0,15.0,> 9999.0,9999.0,9.755,9.755
11.77,11.77,> 15.0,15.0,9.387,9.387
6.207,6.207,4.969,4.969,4.777,4.777
11.916,11.916,> 9999.0,9999.0,6.499,6.499
10.317,10.317,> 9999.0,9999.0,8.592,8.592
4.231,4.231,> 9999.0,9999.0,1.717,1.717
> 15.0,15.0,> 9999.0,9999.0,9.763,9.763
> 15.0,15.0,> 9999.0,9999.0,11.212,11.212
> 15.0,15.0,> 9999.0,9999.0,8.249,8.249
> 15.0,15.0,> 9999.0,9999.0,20.402,20.402
> 15.0,15.0,> 9999.0,9999.0,32.524,32.524
> 15.0,15.0,> 9999.0,9999.0,15.042,15.042
> 15.0,15.0,> 9999.0,9999.0,> 50.0,50.0
> 15.0,15.0,> 9999.0,9999.0,> 50.0,50.0
> 15.0,15.0,> 9999.0,9999.0,> 50.0,50.0
> 15.0,15.0,> 9999.0,9999.0,3.674,3.674
> 15.0,15.0,> 9999.0,9999.0,0.468,0.468
> 15.0,15.0,> 9999.0,9999.0,> 50.0,50.0
> 15.0,15.0,> 9999.0,9999.0,11.125,11.125
> 15.0,15.0,> 9999.0,9999.0,25.015,25.015
> 15.0,15.0,> 9999.0,9999.0,8.897,8.897
> 15.0,15.0,> 9999.0,9999.0,1.578,1.578
> 15.0,15.0,> 9999.0,9999.0,0.329,0.329
4.41,4.41,> 15.0,15.0,> 50.0,50.0
9.986,9.986,> 9999.0,9999.0,> 50.0,50.0
> 15.0,15.0,> 9999.0,9999.0,> 50.0,50.0
> 15.0,15.0,> 9999.0,9999.0,0.445,0.445
12.017,12.017,> 9999.0,9999.0,4.945,4.945
> 15.0,15.0,12.894,12.894,> 50.0,50.0
> 15.0,15.0,> 15.0,15.0,10.496,10.496
> 15.0,15.0,> 15.0,15.0,1.68,1.68
> 15.0,15.0,> 9999.0,9999.0,40.522,40.522
> 15.0,15.0,> 9999.0,9999.0,> 50.0,50.0
> 15.0,15.0,> 9999.0,9999.0,11.055,11.055
> 15.0,15.0,> 9999.0,9999.0,> 50.0,50.0
> 15.0,15.0,> 9999.0,9999.0,6.814,6.814
> 15.0,15.0,> 9999.0,9999.0,3.193,3.193
> 15.0,15.0,> 9999.0,9999.0,23.16,23.16
> 15.0,15.0,> 15.0,15.0,17.843,17.843
> 15.0,15.0,> 9999.0,9999.0,33.234,33.234
> 15.0,15.0,> 9999.0,9999.0,5.568,5.568
> 15.0,15.0,> 9999.0,9999.0,0.88,0.88
> 15.0,15.0,> 9999.0,9999.0,6.272,6.272
13.123,13.123,> 9999.0,9999.0,> 50.0,50.0
> 15.0,15.0,> 9999.0,9999.0,6.602,6.602
> 15.0,15.0,> 9999.0,9999.0,1.255,1.255
> 15.0,15.0,> 9999.0,9999.0,4.058,4.058
> 15.0,15.0,> 9999.0,9999.0,5.964,5.964
> 15.0,15.0,> 9999.0,9999.0,1.491,1.491
> 15.0,15.0,> 9999.0,9999.0,1.366,1.366
> 15.0,15.0,8.583,8.583,2.93,2.93
> 15.0,15.0,> 9999.0,9999.0,0.781,0.781
4.76,4.76,8.563,8.563,5.831,5.831
> 15.0,15.0,0.982,0.982,6.57,6.57
> 15.0,15.0,> 9999.0,9999.0,> 50.0,50.0
> 15.0,15.0,> 9999.0,9999.0,5.144,5.144
> 15.0,15.0,> 15.0,15.0,> 50.0,50.0
> 15.0,15.0,13.501,13.501,22.955,22.955
> 15.0,15.0,> 9999.0,9999.0,6.252,6.252
> 15.0,15.0,> 9999.0,9999.0,> 25.0,25.0
> 15.0,15.0,> 15.0,15.0,> 50.0,50.0
> 15.0,15.0,> 9999.0,9999.0,1.329,1.329
> 15.0,15.0,> 9999.0,9999.0,> 50.0,50.0
> 15.0,15.0,> 9999.0,9999.0,1.451,1.451
> 15.0,15.0,> 9999.0,9999.0,34.503,34.503
> 15.0,15.0,> 9999.0,9999.0,> 50.0,50.0
> 15.0,15.0,> 9999.0,9999.0,26.473,26.473
> 15.0,15.0,> 9999.0,9999.0,> 50.0,50.0
> 15.0,15.0,> 9999.0,9999.0,> 50.0,50.0
3.685,3.685,> 9999.0,9999.0,> 50.0,50.0
> 15.0,15.0,> 9999.0,9999.0,12.175,12.175
> 15.0,15.0,> 9999.0,9999.0,3.386,3.386
> 15.0,15.0,> 9999.0,9999.0,3.441,3.441
> 15.0,15.0,> 9999.0,9999.0,> 50.0,50.0
> 15.0,15.0,> 9999.0,9999.0,36.972,36.972
> 15.0,15.0,> 9999.0,9999.0,21.404,21.404
> 15.0,15.0,> 9999.0,9999.0,> 50.0,50.0
> 15.0,15.0,> 9999.0,9999.0,6.403,6.403
> 15.0,15.0,11.824,11.824,3.822,3.822
> 15.0,15.0,> 9999.0,9999.0,1.418,1.418
> 15.0,15.0,> 9999.0,9999.0,3.402,3.402
> 15.0,15.0,> 9999.0,9999.0,0.472,0.472
> 15.0,15.0,> 9999.0,9999.0,> 50.0,50.0
> 15.0,15.0,> 9999.0,9999.0,2.943,2.943
> 15.0,15.0,> 9999.0,9999.0,> 50.0,50.0
> 15.0,15.0,> 9999.0,9999.0,11.745,11.745
> 15.0,15.0,> 9999.0,9999.0,> 50.0,50.0
> 15.0,15.0,> 9999.0,9999.0,> 50.0,50.0
> 15.0,15.0,> 9999.0,9999.0,12.383,12.383
> 15.0,15.0,> 9999.0,9999.0,1.076,1.076
> 15.0,15.0,> 9999.0,9999.0,1.66,1.66
> 15.0,15.0,> 9999.0,9999.0,13.917,13.917
> 15.0,15.0,> 9999.0,9999.0,36.096,36.096
9.667,9.667,6.548,6.548,1.398,1.398
> 15.0,15.0,> 9999.0,9999.0,> 50.0,50.0
> 15.0,15.0,> 9999.0,9999.0,> 50.0,50.0
> 15.0,15.0,> 9999.0,9999.0,> 50.0,50.0
> 15.0,15.0,> 9999.0,9999.0,2.738,2.738
> 15.0,15.0,4.776,4.776,3.464,3.464
> 15.0,15.0,> 9999.0,9999.0,0.206,0.206
> 15.0,15.0,> 9999.0,9999.0,20.254,20.254
> 15.0,15.0,> 9999.0,9999.0,24.793,24.793
> 15.0,15.0,> 15.0,15.0,> 50.0,50.0
> 15.0,15.0,> 9999.0,9999.0,8.221,8.221
> 15.0,15.0,> 9999.0,9999.0,11.783,11.783
> 15.0,15.0,> 9999.0,9999.0,4.52,4.52
> 15.0,15.0,> 9999.0,9999.0,3.173,3.173
10.452,10.452,> 9999.0,9999.0,> 50.0,50.0
> 15.0,15.0,> 9999.0,9999.0,2.828,2.828
> 15.0,15.0,> 9999.0,9999.0,2.881,2.881
> 15.0,15.0,> 9999.0,9999.0,26.641,26.641
> 15.0,15.0,> 15.0,15.0,19.233,19.233
> 15.0,15.0,> 9999.0,9999.0,9.039,9.039
> 15.0,15.0,> 9999.0,9999.0,< 0.098,0.098
> 15.0,15.0,> 9999.0,9999.0,0.386,0.386
> 15.0,15.0,> 9999.0,9999.0,1.53,1.53
> 15.0,15.0,> 15.0,15.0,4.789,4.789
1.032,1.032,> 9999.0,9999.0,12.369,12.369
> 15.0,15.0,7.994,7.994,12.501,12.501
> 15.0,15.0,> 9999.0,9999.0,6.013,6.013
> 15.0,15.0,> 9999.0,9999.0,0.13,0.13
> 15.0,15.0,> 15.0,15.0,15.089,15.089
> 15.0,15.0,> 9999.0,9999.0,0.386,0.386
> 15.0,15.0,> 9999.0,9999.0,24.831,24.831
> 15.0,15.0,> 9999.0,9999.0,5.405,5.405
> 15.0,15.0,> 9999.0,9999.0,1.662,1.662
> 15.0,15.0,> 15.0,15.0,1.687,1.687
> 15.0,15.0,> 9999.0,9999.0,7.664,7.664
> 15.0,15.0,> 9999.0,9999.0,14.018,14.018
> 15.0,15.0,> 9999.0,9999.0,4.002,4.002
> 15.0,15.0,> 9999.0,9999.0,7.177,7.177
> 15.0,15.0,> 9999.0,9999.0,> 50.0,50.0
> 15.0,15.0,> 9999.0,9999.0,3.818,3.818
> 15.0,15.0,> 9999.0,9999.0,3.212,3.212
> 15.0,15.0,12.937,12.937,7.557,7.557
> 15.0,15.0,> 9999.0,9999.0,0.428,0.428
> 15.0,15.0,> 9999.0,9999.0,3.208,3.208
> 15.0,15.0,> 9999.0,9999.0,> 50.0,50.0
> 15.0,15.0,> 9999.0,9999.0,6.376,6.376
> 15.0,15.0,> 9999.0,9999.0,13.848,13.848
> 15.0,15.0,> 9999.0,9999.0,3.347,3.347
> 15.0,15.0,> 9999.0,9999.0,0.939,0.939
> 15.0,15.0,9.962,9.962,> 50.0,50.0
> 15.0,15.0,> 9999.0,9999.0,2.586,2.586
> 15.0,15.0,> 9999.0,9999.0,< 0.1,0.1
> 15.0,15.0,> 9999.0,9999.0,> 50.0,50.0
> 15.0,15.0,> 9999.0,9999.0,7.214,7.214
> 15.0,15.0,> 9999.0,9999.0,3.161,3.161
> 15.0,15.0,6.969,6.969,2.97,2.97
> 15.0,15.0,1.959,1.959,3.18,3.18
> 15.0,15.0,> 9999.0,9999.0,> 50.0,50.0
> 15.0,15.0,> 9999.0,9999.0,0.21,0.21
> 15.0,15.0,> 9999.0,9999.0,5.052,5.052
> 15.0,15.0,> 9999.0,9999.0,4.261,4.261
> 15.0,15.0,> 9999.0,9999.0,3.686,3.686
> 15.0,15.0,13.737,13.737,1.164,1.164
> 15.0,15.0,13.007,13.007,6.62,6.62
> 15.0,15.0,> 9999.0,9999.0,26.886,26.886
> 15.0,15.0,> 9999.0,9999.0,> 50.0,50.0
> 15.0,15.0,> 9999.0,9999.0,4.872,4.872
> 15.0,15.0,> 9999.0,9999.0,0.804,0.804
> 15.0,15.0,> 9999.0,9999.0,3.905,3.905
> 15.0,15.0,> 9999.0,9999.0,0.757,0.757
> 15.0,15.0,> 9999.0,9999.0,12.294,12.294
> 15.0,15.0,> 9999.0,9999.0,42.456,42.456
> 15.0,15.0,> 9999.0,9999.0,> 50.0,50.0
> 15.0,15.0,> 9999.0,9999.0,5.895,5.895
> 15.0,15.0,> 9999.0,9999.0,10.454,10.454
> 15.0,15.0,> 9999.0,9999.0,0.875,0.875
> 15.0,15.0,> 9999.0,9999.0,6.139,6.139
> 15.0,15.0,> 9999.0,9999.0,1.008,1.008
> 15.0,15.0,> 9999.0,9999.0,> 50.0,50.0
> 15.0,15.0,> 9999.0,9999.0,6.584,6.584
> 15.0,15.0,> 9999.0,9999.0,6.417,6.417
> 15.0,15.0,> 9999.0,9999.0,0.356,0.356
> 15.0,15.0,> 9999.0,9999.0,< 0.098,0.098
> 15.0,15.0,> 9999.0,9999.0,> 50.0,50.0
> 15.0,15.0,> 9999.0,9999.0,17.778,17.778
> 15.0,15.0,> 9999.0,9999.0,0.159,0.159
> 15.0,15.0,> 15.0,15.0,3.422,3.422
> 15.0,15.0,1.191,1.191,0.411,0.411
> 15.0,15.0,10.763,10.763,4.969,4.969
> 15.0,15.0,> 9999.0,9999.0,3.375,3.375
> 15.0,15.0,10.485,10.485,1.598,1.598
> 15.0,15.0,> 9999.0,9999.0,12.233,12.233
> 15.0,15.0,> 9999.0,9999.0,7.47,7.47
> 15.0,15.0,> 9999.0,9999.0,> 50.0,50.0
> 7.5,7.5,> 15.0,15.0,7.078,7.078
> 15.0,15.0,12.67,12.67,0.443,0.443
> 15.0,15.0,12.916,12.916,1,1.0
> 15.0,15.0,10.39,10.39,3.13,3.13
> 15.0,15.0,> 9999.0,9999.0,> 50.0,50.0
> 15.0,15.0,> 9999.0,9999.0,9.444,9.444
> 15.0,15.0,> 9999.0,9999.0,1.699,1.699
> 15.0,15.0,> 9999.0,9999.0,6.069,6.069
> 15.0,15.0,> 9999.0,9999.0,3.376,3.376
> 15.0,15.0,> 9999.0,9999.0,4.416,4.416
> 15.0,15.0,6.257,6.257,8.038,8.038
> 15.0,15.0,13.633,13.633,1.374,1.374
> 15.0,15.0,2.261,2.261,2.686,2.686
> 15.0,15.0,5.384,5.384,6.237,6.237
> 15.0,15.0,> 15.0,15.0,7.46,7.46
> 15.0,15.0,> 9999.0,9999.0,10.225,10.225
> 15.0,15.0,> 15.0,15.0,0.583,0.583
> 15.0,15.0,> 9999.0,9999.0,0.876,0.876
> 15.0,15.0,> 9999.0,9999.0,3.228,3.228
> 15.0,15.0,> 9999.0,9999.0,2.99,2.99
> 15.0,15.0,> 9999.0,9999.0,1.632,1.632
> 15.0,15.0,> 15.0,15.0,1.719,1.719
> 15.0,15.0,5.406,5.406,6.127,6.127
> 15.0,15.0,> 9999.0,9999.0,3.414,3.414
> 15.0,15.0,> 9999.0,9999.0,7.143,7.143
> 15.0,15.0,> 9999.0,9999.0,0.612,0.612
> 15.0,15.0,> 9999.0,9999.0,0.368,0.368
> 15.0,15.0,> 9999.0,9999.0,13.324,13.324
> 15.0,15.0,> 15.0,15.0,5.264,5.264
> 15.0,15.0,> 9999.0,9999.0,6.318,6.318
> 15.0,15.0,9.68,9.68,3.238,3.238
> 15.0,15.0,11.319,11.319,3.343,3.343
> 15.0,15.0,> 9999.0,9999.0,3.084,3.084
> 15.0,15.0,> 9999.0,9999.0,> 25.0,25.0
> 15.0,15.0,> 9999.0,9999.0,2.923,2.923
> 15.0,15.0,> 9999.0,9999.0,1.941,1.941
> 15.0,15.0,> 9999.0,9999.0,3.449,3.449
> 15.0,15.0,> 9999.0,9999.0,0.66,0.66
> 15.0,15.0,> 9999.0,9999.0,7.77,7.77
> 15.0,15.0,> 9999.0,9999.0,6.887,6.887
> 15.0,15.0,> 15.0,15.0,8.679,8.679
> 15.0,15.0,5.506,5.506,1.735,1.735
> 15.0,15.0,> 15.0,15.0,2.36,2.36
> 15.0,15.0,8.275,8.275,3.066,3.066
> 15.0,15.0,> 9999.0,9999.0,5.189,5.189
> 15.0,15.0,> 9999.0,9999.0,0.853,0.853
> 15.0,15.0,> 9999.0,9999.0,6.774,6.774
> 15.0,15.0,> 9999.0,9999.0,4.261,4.261
> 15.0,15.0,> 9999.0,9999.0,2.334,2.334
> 15.0,15.0,> 9999.0,9999.0,7.865,7.865
> 15.0,15.0,> 9999.0,9999.0,2.889,2.889
> 15.0,15.0,> 9999.0,9999.0,3.37,3.37
> 15.0,15.0,0.995,0.995,5.182,5.182
> 15.0,15.0,> 9999.0,9999.0,2.774,2.774
> 15.0,15.0,,,0.118,0.118
,,,,,
,,,,,
,,,,,
,,,,,
,,,,,
,,,,,
,,,,,
,,,,,
,,,,,
,,,,,
,,,,,
,,,,,
,,,,,
,,,,,
,,,,,
,,,,,
,,,,,
,,,,,
,,,,,
,,,,,
,,,,,
,,,,,
,,,,,
,,,,,
,,,,,
,,,,,
,,,,,
,,,,,
,,,,,
,,,,,
,,,,,
,,,,,
,,,,,
,,,,,
,,,,,
,,,,,
,,,,,
,,,,,
,,,,,
,,,,,
,,,,,
,,,,,
,,,,,
,,,,,
,,,,,
,,,,,
,,,,,
,,,,,
,,,,,
,,,,,
,,,,,
,,,,,
,,,,,
,,,,,
,,,,,
,,,,,
,,,,,
,,,,,
,,,,,
,,,,,
,,,,,
,,,,,
,,,,,
,,,,,
,,,,,
,,,,,
,,,,,
,,,,,
,,,,,
,,,,,
,,,,,
,,,,,
,,,,,
,,,,,
,,,,,
,,,,,
,,,,,
,,,,,
,,,,,
,,,,,
,,,,,
,,,,,
,,,,,
,,,,,
,,,,,
,,,,,
,,,,,
,,,,,
,,,,,
,,,,,
,,,,,
,,,,,
,,,,,
,,,,,
,,,,,
,,,,,
,,,,,
,,,,,
,,,,,
,,,,,
,,,,,
,,,,,
,,,,,
,,,,,
,,,,,
,,,,,
,,,,,
,,,,,
,,,,,
,,,,,
,,,,,
,,,,,
,,,,,
,,,,,
,,,,,
,,,,,
,,,,,
,,,,,
,,,,,
,,,,,
,,,,,
,,,,,
,,,,,
,,,,,
,,,,,
,,,,,
,,,,,
,,,,,
,,,,,
,,,,,
,,,,,
,,,,,
,,,,,
,,,,,
,,,,,
,,,,,
,,,,,
,,,,,
,,,,,
,,,,,
,,,,,
,,,,,
,,,,,
,,,,,
,,,,,
,,,,,
,,,,,
,,,,,
,,,,,
,,,,,
,,,,,
,,,,,
,,,,,
,,,,,
,,,,,
,,,,,
,,,,,
,,,,,
,,,,,
,,,,,
,,,,,
,,,,,
,,,,,
,,,,,
,,,,,
,,,,,
,,,,,
,,,,,
,,,,,
,,,,,
,,,,,
,,,,,
,,,,,
,,,,,
,,,,,
,,,,,
,,,,,
,,,,,
,,,,,
,,,,,
,,,,,
,,,,,
,,,,,
,,,,,
,,,,,
,,,,,
,,,,,
,,,,,
,,,,,
,,,,,
,,,,,
,,,,,
,,,,,
,,,,,
,,,,,
,,,,,
,,,,,
,,,,,
,,,,,
,,,,,
,,,,,
,,,,,
,,,,,
,,,,,
,,,,,
,,,,,
,,,,,
,,,,,
,,,,,
,,,,,
,,,,,
,,,,,
,,,,,
,,,,,
,,,,,
,,,,,
,,,,,
,,,,,
,,,,,
,,,,,
,,,,,
,,,,,
,,,,,
,,,,,
,,,,,
,,,,,
,,,,,
,,,,,
,,,,,
,,,,,
,,,,,
,,,,,
,,,,,
,,,,,
,,,,,
,,,,,
,,,,,
,,,,,
,,,,,
,,,,,
,,,,,
,,,,,
,,,,,
,,,,,
,,,,,
,,,,,
,,,,,
,,,,,
,,,,,
,,,,,
,,,,,
,,,,,
,,,,,
,,,,,
,,,,,
,,,,,
,,,,,
,,,,,
,,,,,
,,,,,
,,,,,
,,,,,
,,,,,
,,,,,
,,,,,
,,,,,
,,,,,
,,,,,
,,,,,
,,,,,
,,,,,
,,,,,
,,,,,
,,,,,
,,,,,
,,,,,
,,,,,
,,,,,
,,,,,
,,,,,
,,,,,
,,,,,
,,,,,
,,,,,
,,,,,
,,,,,
,,,,,
,,,,,
,,,,,
,,,,,
,,,,,
,,,,,
,,,,,
,,,,,
,,,,,
,,,,,
,,,,,
,,,,,
,,,,,
,,,,,
,,,,,
,,,,,
,,,,,
,,,,,
,,,,,
,,,,,
,,,,,
,,,,,
,,,,,
,,,,,
,,,,,
,,,,,
,,,,,
,,,,,
,,,,,
,,,,,
,,,,,
,,,,,
,,,,,
,,,,,
,,,,,
,,,,,
,,,,,
,,,,,
,,,,,
,,,,,
,,,,,
,,,,,
,,,,,
,,,,,
,,,,,
,,,,,
,,,,,
,,,,,
,,,,,
,,,,,
,,,,,
,,,,,
,,,,,
,,,,,
,,,,,
,,,,,
,,,,,
,,,,,
,,,,,
,,,,,
,,,,,
,,,,,
,,,,,
,,,,,
,,,,,
,,,,,
,,,,,
,,,,,
,,,,,
,,,,,
,,,,,
,,,,,
,,,,,
,,,,,
,,,,,
,,,,,
,,,,,
,,,,,
,,,,,
,,,,,
,,,,,
,,,,,
,,,,,
,,,,,
,,,,,
,,,,,
,,,,,
,,,,,
,,,,,
,,,,,
,,,,,
,,,,,
,,,,,
,,,,,
,,,,,
,,,,,
,,,,,
,,,,,
,,,,,
,,,,,
,,,,,
,,,,,
,,,,,
,,,,,
,,,,,
,,,,,
,,,,,
,,,,,
,,,,,
,,,,,
,,,,,
,,,,,
,,,,,
,,,,,
,,,,,
,,,,,
,,,,,
,,,,,
,,,,,
,,,,,
,,,,,
,,,,,
,,,,,
,,,,,
,,,,,
,,,,,
,,,,,
,,,,,
,,,,,
,,,,,
,,,,,
,,,,,
,,,,,
,,,,,
,,,,,
,,,,,
,,,,,
,,,,,
,,,,,
,,,,,
,,,,,
,,,,,
,,,,,
,,,,,
,,,,,
,,,,,
,,,,,
,,,,,
,,,,,
,,,,,
,,,,,
,,,,,
,,,,,
,,,,,
,,,,,
,,,,,
,,,,,
,,,,,
,,,,,
,,,,,
,,,,,
,,,,,
,,,,,
,,,,,
,,,,,
,,,,,
,,,,,
,,,,,
,,,,,
,,,,,
,,,,,
,,,,,
,,,,,
,,,,,
,,,,,
,,,,,
,,,,,
,,,,,
,,,,,
,,,,,
,,,,,
,,,,,
,,,,,
,,,,,
,,,,,
,,,,,
,,,,,
,,,,,
,,,,,
,,,,,
,,,,,
,,,,,
,,,,,
,,,,,
,,,,,
,,,,,
,,,,,
,,,,,
,,,,,
,,,,,
,,,,,
,,,,,
,,,,,
,,,,,
,,,,,
,,,,,
,,,,,
,,,,,
,,,,,
,,,,,
,,,,,
,,,,,
,,,,,
,,,,,
,,,,,
,,,,,
,,,,,
,,,,,
,,,,,
,,,,,
,,,,,
,,,,,
,,,,,
,,,,,
,,,,,
,,,,,
,,,,,
,,,,,
,,,,,
,,,,,
,,,,,
,,,,,
,,,,,
,,,,,
,,,,,
,,,,,
,,,,,
,,,,,
,,,,,
,,,,,
,,,,,
,,,,,
,,,,,
,,,,,
,,,,,
,,,,,
,,,,,
,,,,,
,,,,,
,,,,,
,,,,,
,,,,,
,,,,,
,,,,,
,,,,,
,,,,,
,,,,,
,,,,,
,,,,,
,,,,,
,,,,,
,,,,,
,,,,,
,,,,,
,,,,,
,,,,,
,,,,,
,,,,,
,,,,,
,,,,,
,,,,,
,,,,,
,,,,,
,,,,,
,,,,,
,,,,,
,,,,,
,,,,,
,,,,,
,,,,,
,,,,,
,,,,,
,,,,,
,,,,,
,,,,,
,,,,,
,,,,,
,,,,,
,,,,,
,,,,,
,,,,,
,,,,,
,,,,,
,,,,,
,,,,,
,,,,,
,,,,,
,,,,,
,,,,,
,,,,,
,,,,,
,,,,,
,,,,,
,,,,,
,,,,,
,,,,,
,,,,,
,,,,,
,,,,,
,,,,,
,,,,,
,,,,,
,,,,,
,,,,,
,,,,,
,,,,,
,,,,,
,,,,,
,,,,,
,,,,,
,,,,,
,,,,,
,,,,,
,,,,,
,,,,,
,,,,,
,,,,,
,,,,,
,,,,,
,,,,,
,,,,,
,,,,,
,,,,,
,,,,,
,,,,,
,,,,,
,,,,,
,,,,,
,,,,,
,,,,,
,,,,,
,,,,,
,,,,,
,,,,,
,,,,,
,,,,,
,,,,,
,,,,,
,,,,,
,,,,,
,,,,,
,,,,,
,,,,,
,,,,,
,,,,,
,,,,,
,,,,,
,,,,,
,,,,,
,,,,,
,,,,,
,,,,,
,,,,,
,,,,,
,,,,,
,,,,,
,,,,,
,,,,,
,,,,,
,,,,,
,,,,,
,,,,,
,,,,,
,,,,,
,,,,,
,,,,,
,,,,,
,,,,,
,,,,,
,,,,,
,,,,,
,,,,,
,,,,,
,,,,,
,,,,,
,,,,,
,,,,,
,,,,,
,,,,,
,,,,,
,,,,,
,,,,,
,,,,,
,,,,,
,,,,,
,,,,,
,,,,,
,,,,,
,,,,,
,,,,,
,,,,,
,,,,,
,,,,,
,,,,,
,,,,,
,,,,,
,,,,,
,,,,,
,,,,,
,,,,,
,,,,,
,,,,,
,,,,,
,,,,,
,,,,,
,,,,,
,,,,,
,,,,,
,,,,,
,,,,,
,,,,,
,,,,,
,,,,,
,,,,,
,,,,,
,,,,,
,,,,,
,,,,,
,,,,,
,,,,,
,,,,,
,,,,,
,,,,,
,,,,,
,,,,,
,,,,,
,,,,,
,,,,,
,,,,,
,,,,,
,,,,,
,,,,,
,,,,,
,,,,,
,,,,,
,,,,,
,,,,,
,,,,,
,,,,,
,,,,,
,,,,,
,,,,,
,,,,,
,,,,,
,,,,,
,,,,,
,,,,,
,,,,,
,,,,,
,,,,,
,,,,,
,,,,,
,,,,,
,,,,,
,,,,,
,,,,,
,,,,,
,,,,,
,,,,,
,,,,,
,,,,,
,,,,,
,,,,,
,,,,,
,,,,,
,,,,,
,,,,,
,,,,,
,,,,,
,,,,,
,,,,,
,,,,,
,,,,,
,,,,,
,,,,,
,,,,,
,,,,,
,,,,,
,,,,,
,,,,,
,,,,,
,,,,,
,,,,,
,,,,,
,,,,,
,,,,,
,,,,,
,,,,,
,,,,,
,,,,,
,,,,,
,,,,,
,,,,,
,,,,,
,,,,,
,,,,,
,,,,,
,,,,,
,,,,,
,,,,,
,,,,,
,,,,,
,,,,,
,,,,,
,,,,,
,,,,,
,,,,,
,,,,,
,,,,,
,,,,,
,,,,,
,,,,,
,,,,,
,,,,,
,,,,,
,,,,,
,,,,,
,,,,,
,,,,,
,,,,,
,,,,,
,,,,,
,,,,,
,,,,,
,,,,,
,,,,,
,,,,,
,,,,,
,,,,,
,,,,,
,,,,,
,,,,,
,,,,,
,,,,,
,,,,,
,,,,,
,,,,,
,,,,,
,,,,,
,,,,,
,,,,,
,,,,,
,,,,,
,,,,,
,,,,,
,,,,,
,,,,,
,,,,,
,,,,,
,,,,,
,,,,,
,,,,,
,,,,,
,,,,,
,,,,,
,,,,,
,,,,,
,,,,,
,,,,,
,,,,,
,,,,,
,,,,,
,,,,,
,,,,,
,,,,,
,,,,,
,,,,,
,,,,,
,,,,,
,,,,,
,,,,,
,,,,,
,,,,,
